question_id,failure_category,expected_answer,model_answer,expected_session_ids,retrieved_session_ids,partial_recall,missing_expected_session_ids,error,latency_ms
6ade9755,wrong_retrieval,Serenity Yoga,I don't know.,answer_9398da02,answer_9398da02;ultrachat_270925;de5634fc_2;a200b713_4;ultrachat_62167,1.000,,,7384.0
58ef2f1c,wrong_retrieval,February 14th,February.,answer_59547700,answer_59547700;13f3da23_3;ultrachat_246324;e6ab6a7b_2;ultrachat_5212;e82ce7cd_1,1.000,,,5880.3
5d3d2817,wrong_retrieval,Marketing specialist at a small startup,I don't know.,answer_235eb6fb,sharegpt_ipLglky_48;e93efd9a_1;answer_235eb6fb;sharegpt_Qga4bRp_0;49b78a55_1;sharegpt_ebWP6Hz_0,1.000,,,7655.3
c960da58,wrong_retrieval,20,1 playlist,answer_e05e4612,answer_e05e4612;sharegpt_CdnyHep_0;89d3053f;sharegpt_uulGKeK_0;ultrachat_198948,1.000,,,11191.5
94f70d80,wrong_retrieval,4 hours,I don't know.,answer_c63c0458,answer_c63c0458;sharegpt_FvO2l0O_0;ec628e8d_2;2ae4f277_1;ultrachat_172828,1.000,,,7342.7
75499fd8,wrong_retrieval,Golden Retriever,I don't know.,answer_723bf11f,answer_723bf11f;sharegpt_mMNr1qm_0;ultrachat_428593;533372c8_3;sharegpt_WetAHhj_0,1.000,,,5080.5
b86304ba,wrong_retrieval,The painting is worth triple what I paid for it.,I don't know,answer_645b0329,sharegpt_xGoJZ6Z_0;answer_645b0329;8e9425ef_1;ae00973d_4;e831a29f_1;5cc9b056,1.000,,,10477.9
25e5aa4f,wrong_retrieval,"University of California, Los Angeles (UCLA)",I don't know.,answer_986de8c3,answer_986de8c3;18807892_4;478e02c2;sharegpt_SwdaeDm_15;sharegpt_rqvR1Ep_0;sharegpt_Db9cdoK_0,1.000,,,5429.5
caf9ead2,wrong_retrieval,5 hours,I don't know.,answer_0714183a,answer_0714183a;sharegpt_3D3oQC0_213;f684ac4c_2;ultrachat_137778;sharegpt_Ekdr15j_0,1.000,,,11721.1
ccb36322,wrong_retrieval,Spotify,I don't know.,answer_f1fbb330,0e349efa;answer_f1fbb330;8b1019b8_1;facfdfe2;ultrachat_203880;28a45124,1.000,,,7533.8
86f00804,wrong_retrieval,The Seven Husbands of Evelyn Hugo,"Matching facts:
- The user mentioned reading ""The Last House Guest"" by Megan Miranda.

Sub-answer: The title of the book you are currently reading is ""The Last House Guest"" by Megan Miranda.",answer_96b8c9ee,answer_96b8c9ee;0424a40a_2;60153a02_1;sharegpt_BAHXiar_14;sharegpt_ErOTMZ3_277,1.000,,,10156.3
4100d0a0,wrong_retrieval,A mix of Irish and Italian,I don't know.,answer_83c13ff9,answer_83c13ff9;8d068598;ultrachat_215071;sharegpt_Viy08ou_0;sharegpt_cD2Kgkn_11,1.000,,,6225.8
1faac195,wrong_retrieval,Denver,I don't know.,answer_d01949bf,answer_d01949bf;d2905eb6_2;2def525b_2;b2543a58_3;94f460be_1,1.000,,,8777.8
0862e8bf_abs,wrong_retrieval,You did not mention this information. You mentioned your cat Luna but not your hamster.,I don't know.,answer_c6fd8ebd_abs,answer_c6fd8ebd_abs;ultrachat_404562;sharegpt_Sionhxj_245;sharegpt_StUzdLK_227;ultrachat_460804,1.000,,,5520.1
15745da0_abs,wrong_retrieval,You did not mention this information. You mentioned collecting vintage cameras but not vintage films.,I don't know.,answer_586de428_abs,f8501ef5_2;be976c82_1;3a667084_2;answer_586de428_abs;375e27b9_2;e839253d,1.000,,,7356.9
bc8a6e93_abs,wrong_retrieval,You did not mention this information. You mentioned baking for your niece's birthday party but not your uncle's,I don't know.,answer_e6143162_abs,answer_e6143162_abs;375354d1_2;sharegpt_SF6KWw1_9;9c68c22f;31f3f40d_4;ba944cdc,1.000,,,5360.4
19b5f2b3_abs,wrong_retrieval,"You did not mention this information. You mentioned staying in Japan, but not in Korea.",I don't know.,answer_5ff494b9_abs,answer_5ff494b9_abs;e44a5733_1;61e0ba9b_1;d0b0dabe;sharegpt_oPOTyid_28;e6640284_1,1.000,,,7061.4
29f2956b_abs,wrong_retrieval,"You did not mention this information. You mentioned practing guitar everyday, but not violin.",I don't know,answer_7cc5362f_abs,ultrachat_441324;sharegpt_dL6KK2I_0;b67748d1_1;answer_7cc5362f_abs;1516d4c8;64b7d9cc_2,1.000,,,7552.1
f4f1d8a4_abs,wrong_retrieval,"You did not mention this information. You mentioned receiving a birthday gift from your sister, but not your dad.",I don't know.,answer_f5b33470_abs,1dd13331_1;answer_f5b33470_abs;31299b8e_2;ea3db78e_2;sharegpt_n7xJvjp_0;793382f9_2,1.000,,,8804.2
3a704032,wrong_retrieval,3,5 plants,answer_c2204106_2;answer_c2204106_3;answer_c2204106_1,answer_c2204106_3;ultrachat_501733;answer_c2204106_2;sharegpt_zvmX9pX_29;ultrachat_418858;bc542ef7_2;answer_c2204106_1;d729b790_2;0babf5b6_2;014a5d36,1.000,,,13645.1
gpt4_d84a3211,wrong_retrieval,$185,"4 bottles of Sauvignon Blanc from the Loire Valley in France priced under 150,000 won",answer_2880eb6c_2;answer_2880eb6c_4;answer_2880eb6c_1;answer_2880eb6c_3,answer_2880eb6c_2;answer_2880eb6c_3;answer_2880eb6c_1,0.750,answer_2880eb6c_4,,17794.6
aae3761f,wrong_retrieval,15 hours for getting to the three destinations (or 30 hours for the round trip),I don't know,answer_526354c8_1;answer_526354c8_3;answer_526354c8_2,answer_526354c8_1;answer_526354c8_2;sharegpt_ynLoh9N_0;072b4f50_1;sharegpt_3dtASzd_0,0.667,answer_526354c8_3,,7785.0
gpt4_f2262a51,wrong_retrieval,"I visited three different doctors: a primary care physician, an ENT specialist, and a dermatologist.",1 different doctor,answer_55a6940c_3;answer_55a6940c_1;answer_55a6940c_2,sharegpt_BWMyoNr_0;ba1ed991_1;sharegpt_eoEbthf_0;answer_55a6940c_3;sharegpt_hChsWOp_128,0.333,answer_55a6940c_1;answer_55a6940c_2,,8089.6
gpt4_a56e767c,wrong_retrieval,I attended four movie festivals.,3 movie festivals,answer_cf9e3940_2;answer_cf9e3940_1;answer_cf9e3940_3,ultrachat_181843;ultrachat_257906;answer_cf9e3940_3;d75245ea;answer_cf9e3940_1;answer_cf9e3940_2,1.000,,,9010.9
6cb6f249,wrong_retrieval,17 days,1 total social media break of 10 days,answer_a4204937_2;answer_a4204937_1,ultrachat_404221;answer_a4204937_1;answer_a4204937_2;67620dbc_2;9b6db1a9_2;sharegpt_WjpyexI_8,1.000,,,9595.4
2e6d26dc,wrong_retrieval,5,3 babies were born to friends and family members in the last few months,answer_fa526fc0_4;answer_fa526fc0_3;answer_fa526fc0_1;answer_fa526fc0_2,answer_fa526fc0_2;answer_fa526fc0_4;sharegpt_vXNQZ2I_0;answer_fa526fc0_3;sharegpt_flHO7QM_17;answer_fa526fc0_1,1.000,,,39793.8
88432d0a,wrong_retrieval,4,3 times,answer_733e443a_3;answer_733e443a_4;answer_733e443a_2;answer_733e443a_1,f777f641;c9d35c00_2;answer_733e443a_4;answer_733e443a_3;answer_733e443a_2;ultrachat_359327,0.750,answer_733e443a_1,,10393.9
80ec1f4f,wrong_retrieval,2,I don't know,answer_990c8992_2;answer_990c8992_1;answer_990c8992_3,b909542d_1;ultrachat_318441;answer_990c8992_2;answer_990c8992_3;answer_990c8992_1;a15578b4_1;d935c3b7,1.000,,,10546.4
d23cf73b,wrong_retrieval,4,6 different cuisines,answer_5a0d28f8_4;answer_5a0d28f8_2;answer_5a0d28f8_3;answer_5a0d28f8_1,answer_5a0d28f8_3;answer_5a0d28f8_1;ea909af1;answer_5a0d28f8_4;9705c90b;ultrachat_456819;66369fde_2;sharegpt_uyFzCrM_4;ultrachat_375734,0.750,answer_5a0d28f8_2,,13797.4
gpt4_7fce9456,wrong_retrieval,"I viewed four properties before making an offer on the townhouse in the Brookside neighborhood. The reasons I didn't make an offer on them were: the kitchen of the bungalow needed serious renovation, the property in Cedar Creek was out of my budget, the noise from the highway was a deal-breaker for the 1-bedroom condo, and my offer on the 2-bedroom condo was rejected due to a higher bid.",3 properties,answer_a679a86a_5;answer_a679a86a_4;answer_a679a86a_2;answer_a679a86a_3;answer_a679a86a_1,answer_a679a86a_5;answer_a679a86a_4;answer_a679a86a_1;answer_a679a86a_2;answer_a679a86a_3;67154fb2_1;191e1832;cca30919;ultrachat_222016;sharegpt_tYc53EZ_13,1.000,,,16097.1
7024f17c,wrong_retrieval,0.5 hours,2 hours of yoga,answer_a21f3697_1;answer_a21f3697_2;answer_a21f3697_3,answer_a21f3697_2;d7281662_2;answer_a21f3697_1;answer_a21f3697_3;385683f0_1;445e06ce_2;f8476198,1.000,,,11107.1
gpt4_5501fe77,wrong_retrieval,TikTok,Twitter (gained 120 followers).,answer_203bf3fa_1;answer_203bf3fa_3;answer_203bf3fa_2,answer_203bf3fa_1;answer_203bf3fa_3;answer_203bf3fa_2;9b083158_2;ultrachat_337168;ultrachat_163385,1.000,,,6394.0
2ce6a0f2,wrong_retrieval,4,2 different art-related events,answer_901a6763_2;answer_901a6763_4;answer_901a6763_1;answer_901a6763_3,answer_901a6763_1;answer_901a6763_2;answer_901a6763_4;answer_901a6763_3;600077b0_3;a267b11e,1.000,,,9570.3
gpt4_d12ceb0e,wrong_retrieval,59.6,"The average age of you, your parents, and your grandparents is 55.5 years.",answer_2504635e_3;answer_2504635e_2;answer_2504635e_1,answer_2504635e_1;answer_2504635e_2;ultrachat_55863;answer_2504635e_3;f0c6ddb9_2;cb2f5565_4;2fe5510e_3;73f4798f,1.000,,,17328.6
gpt4_31ff4165,wrong_retrieval,4,8 health-related devices.,answer_02b63d04_1;answer_02b63d04_5;answer_02b63d04_2;answer_02b63d04_3;answer_02b63d04_4,answer_02b63d04_3;answer_02b63d04_1;sharegpt_3fMCWSX_0;answer_02b63d04_2;answer_02b63d04_5;6aa87dc3,0.800,answer_02b63d04_4,,43514.6
eeda8a6d,wrong_retrieval,17,I don't know,answer_3e5fea0e_1;answer_3e5fea0e_2,sharegpt_Caxpnd3_12;sharegpt_SBCWfvw_0;answer_3e5fea0e_2;answer_3e5fea0e_1;sharegpt_JsCcnH4_0;sharegpt_rl3IYjG_0;ea67b29e_1,1.000,,,26726.7
2788b940,wrong_retrieval,5,3 fitness classes,answer_8f6b938d_1;answer_8f6b938d_3;answer_8f6b938d_4;answer_8f6b938d_2,answer_8f6b938d_2;ultrachat_410014;answer_8f6b938d_1;answer_8f6b938d_3;answer_8f6b938d_4;ff6e824b_1,1.000,,,25192.0
9d25d4e0,wrong_retrieval,3,2 pieces of jewelry,answer_fcff2dc4_2;answer_fcff2dc4_1;answer_fcff2dc4_3,answer_fcff2dc4_1;464f3821;answer_fcff2dc4_2;answer_fcff2dc4_3;cd568521_3,1.000,,,26358.3
60472f9c,wrong_retrieval,2,1 project,answer_e7fe8c8b_1;answer_e7fe8c8b_2;answer_e7fe8c8b_3,33da50d0_1;ultrachat_334324;10eafdb9_1;sharegpt_5BPO9KJ_0;answer_e7fe8c8b_3;sharegpt_benxw0S_0;a6f959e9;ultrachat_5271;answer_e7fe8c8b_2;answer_e7fe8c8b_1;sharegpt_tyWrGhj_0;ultrachat_373250,1.000,,,24724.5
gpt4_194be4b3,wrong_retrieval,"I currently own 4 musical instruments. I've had the Fender Stratocaster electric guitar for 5 years, the Yamaha FG800 acoustic guitar for 8 years, the 5-piece Pearl Export drum set for an unspecified amount of time, and the Korg B1 piano for 3 years.",8 musical instruments,answer_3826dc55_1;answer_3826dc55_3;answer_3826dc55_5;answer_3826dc55_2;answer_3826dc55_4,answer_3826dc55_3;ultrachat_385467;answer_3826dc55_5;answer_3826dc55_4;answer_3826dc55_2;212ce1f4_4,0.800,answer_3826dc55_1,,17498.3
d851d5ba,wrong_retrieval,"$3,750","$3,500",answer_5cdf9bd2_2;answer_5cdf9bd2_1;answer_5cdf9bd2_3;answer_5cdf9bd2_4,answer_5cdf9bd2_4;answer_5cdf9bd2_2;answer_5cdf9bd2_1;answer_5cdf9bd2_3;70764af1_4;a4ad48d9,1.000,,,14233.4
gpt4_ab202e7f,wrong_retrieval,"I replaced or fixed five items: the kitchen faucet, the kitchen mat, the toaster, the coffee maker, and the kitchen shelves.",3 kitchen items,answer_728deb4d_5;answer_728deb4d_2;answer_728deb4d_3;answer_728deb4d_1;answer_728deb4d_4,answer_728deb4d_5;answer_728deb4d_4;29bc69b3;10541a2c_2;dcafb5b3_5;answer_728deb4d_1;e78617c5_2,0.600,answer_728deb4d_2;answer_728deb4d_3,,17982.2
gpt4_e05b82a6,wrong_retrieval,10 times,6 times,answer_6350aa4f_1;answer_6350aa4f_2;answer_6350aa4f_3;answer_6350aa4f_4,answer_6350aa4f_4;answer_6350aa4f_1;answer_6350aa4f_3;answer_6350aa4f_2;ultrachat_43272,1.000,,,16495.8
gpt4_731e37d7,wrong_retrieval,$720,I don't know,answer_826d51da_3;answer_826d51da_4;answer_826d51da_2;answer_826d51da_1,answer_826d51da_1;sharegpt_Rwql31f_62;answer_826d51da_3;7e4aa7c2_1;a93750ef_1;b52f03a1_2;answer_826d51da_4;ultrachat_442508;sharegpt_vonEwUo_17,0.750,answer_826d51da_2,,28883.7
edced276,wrong_retrieval,15 days,1 iHeartRadio Music Festival,answer_60e8941a_2;answer_60e8941a_1,answer_60e8941a_2;answer_60e8941a_1;1da409cd_1;ultrachat_202227;ce1abc42_1;sharegpt_IFLajLc_0;ultrachat_385565,1.000,,,44851.7
10d9b85a,wrong_retrieval,3 days,2 days,answer_e0585cb5_2;answer_e0585cb5_1,d79173aa_1;84889496_1;answer_e0585cb5_1;cbd1fe79_2;4e59fb02_2;02b63d04_2;ebe3b6bf_1;sharegpt_EPTQyoQ_0,0.500,answer_e0585cb5_2,,29081.3
e3038f8c,wrong_retrieval,99,4 rare items,answer_b6018747_2;answer_b6018747_4;answer_b6018747_1;answer_b6018747_3,answer_b6018747_3;a3d8e134_2;answer_b6018747_2;answer_b6018747_1,0.750,answer_b6018747_4,,19727.6
2b8f3739,wrong_retrieval,$495,The total amount of money earned from selling products at the markets is $345.,answer_23759615_2;answer_23759615_3;answer_23759615_1,answer_23759615_1;answer_23759615_3;c075835c;answer_23759615_2;e9fb10e7_2;ce6cae1b_3,1.000,,,17706.0
bf659f65,wrong_retrieval,3,1 EP,answer_7726e7e9_1;answer_7726e7e9_3;answer_7726e7e9_2,answer_7726e7e9_1;answer_7726e7e9_3;answer_7726e7e9_2;f2835879_2;258645ba_3,1.000,,,20677.7
gpt4_372c3eed,wrong_retrieval,10 years,8 years,answer_35c5419d_3;answer_35c5419d_2;answer_35c5419d_1,answer_35c5419d_1;answer_35c5419d_3;answer_35c5419d_2;sharegpt_d1pTYei_39;sharegpt_bq9G6bT_22,1.000,,,17103.9
gpt4_2f91af09,wrong_retrieval,23,25 pieces of writing,answer_669318cf_2;answer_669318cf_1;answer_669318cf_3,answer_669318cf_1;answer_669318cf_3;22b3af37_1;answer_669318cf_2;9b85a31d_1;51c82c8e_2;49b78a55_1,1.000,,,29081.6
88432d0a_abs,wrong_retrieval,The information provided is not enough. You did not mention baking egg tarts.,I don't know,answer_733e443a_abs_1;answer_733e443a_abs_3;answer_733e443a_abs_2;answer_733e443a_abs_4,answer_733e443a_abs_2;answer_733e443a_abs_4;sharegpt_conu8MS_14;answer_733e443a_abs_3;31ca5871_1;answer_733e443a_abs_1,1.000,,,12558.9
80ec1f4f_abs,wrong_retrieval,0. You did not mention visitng any museum in December,I don't know.,answer_990c8992_abs_2;answer_990c8992_abs_3;answer_990c8992_abs_1,answer_990c8992_abs_3;answer_990c8992_abs_1;ultrachat_187094;ultrachat_169512;7eda4f2a_1;answer_990c8992_abs_2,1.000,,,52736.2
eeda8a6d_abs,wrong_retrieval,The information provided is not enough. You did not mention that you have a 30-gallon tank.,I don't know,answer_3e5fea0e_abs_2;answer_3e5fea0e_abs_1,answer_3e5fea0e_abs_2;answer_3e5fea0e_abs_1;sharegpt_2TxYMX9_0;sharegpt_GI7HHD8_0;99883f38_3,1.000,,,12167.8
60bf93ed_abs,wrong_retrieval,The information provided is not enough. You did not mention buying an iPad case.,I don't know,answer_e0956e0a_abs_2;answer_e0956e0a_abs_1,ultrachat_533475;1e91cdf0;4bebc782_1;cdf068b1_3;a95d014c_3;1a892e14;f550a835_2;answer_e0956e0a_abs_2;answer_e0956e0a_abs_1,1.000,,,15217.3
edced276_abs,wrong_retrieval,The information provided is not enough. You mentioned traveling for 10 days in Hawaii but did not mention abything about the trip to Seattle.,I don't know,answer_60e8941a_abs_1;answer_60e8941a_abs_2,answer_60e8941a_abs_2;answer_60e8941a_abs_1;a7a64da9_3;76a6b5fb_1;ultrachat_296315;8e8288b3;24b91514_2;b68a96c0_2,1.000,,,18021.6
gpt4_372c3eed_abs,wrong_retrieval,"The information provided is not enough. You mentioned 4 years in high school (2010-2014), 2 years at PCC (2014-2016), and 4 years at UCLA (2016-2020). But you didn't mention the number of years you spend getting the Master's degree","8 years in total of formal education from high school to the completion of my Bachelor's degree, plus an additional 1-2 years for the Master's degree.",answer_35c5419d_abs_3;answer_35c5419d_abs_1;answer_35c5419d_abs_2,answer_35c5419d_abs_1;answer_35c5419d_abs_3;answer_35c5419d_abs_2;sharegpt_JuqFCEz_71,1.000,,,18607.2
8a2466db,wrong_retrieval,"The user would prefer responses that suggest resources specifically tailored to Adobe Premiere Pro, especially those that delve into its advanced settings. They might not prefer general video editing resources or resources related to other video editing software.","Some resources where you can learn more about video editing include:

1. **Online Courses**:
   - Adobe Premiere Pro courses on platforms like Udemy and LinkedIn Learning.
   - Final Cut Pro courses on platforms like Skillshare and Coursera.
   - DaVinci Resolve courses on platforms like YouTube and LinkedIn Learning.
   - General video editing courses on platforms like MasterClass and CreativeLive.

2. **YouTube Channels**:
   - Premiere Bro
   - Video Copilot
   - Adobe Creative Cloud

3. **Websites**:
   - Adobe Premiere Pro's official documentation and tutorials
   - LinkedIn Learning
   - Udemy
   - Skillshare

4. **Books**:
   - ""In the Blink of an Eye"" by Walter Murch
   - ""The Technique of Film Editing"" by Karel Reisz and Gavin Millar
   - ""Adobe Premiere Pro Classroom in a Book"" by Maxim Jago
   - """,answer_edb03329,answer_edb03329;6dcf5fa0_1;76967d22;sharegpt_osTHjYi_0;898bef66;b67748d1_1;3d0c9f89_1;6a5b5a78;ultrachat_69749,1.000,,,51062.7
06878be2,wrong_retrieval,The user would prefer suggestions of Sony-compatible accessories or high-quality photography gear that can enhance their photography experience. They may not prefer suggestions of other brands' equipment or low-quality gear.,I don't know.,answer_555dfb94,ultrachat_474421;8fcfbe43_2;a6074da9_1;sharegpt_InRLwN7_0;ultrachat_31347;ultrachat_12958;answer_555dfb94;63b51f8a_1;ultrachat_278209;sharegpt_Lk4UN8n_181;e58109ed_1;85b50955_1;sharegpt_GSC090N_6;3e9fce53_1,1.000,,,22524.4
75832dbd,wrong_retrieval,"The user would prefer suggestions related to recent research papers, articles, or conferences that focus on artificial intelligence in healthcare, particularly those that involve deep learning for medical image analysis. They would not be interested in general AI topics or those unrelated to healthcare.",I don't know,answer_d87a6ef8,sharegpt_xni9yYO_6;answer_d87a6ef8;sharegpt_E0YL5SX_157;ultrachat_533748;c51583cd_1;sharegpt_Vjkqc5J_0;sharegpt_fK7pfNf_0;sharegpt_9srz3L6_0;be753d18;c7270a1b_1,1.000,,,17878.3
0edc2aef,wrong_retrieval,"The user would prefer suggestions of hotels in Miami that offer great views, possibly of the ocean or the city skyline, and have unique features such as a rooftop pool or a hot tub on the balcony. They may not prefer suggestions of basic or budget hotels without these features.",I don't know.,answer_d586e9cd,53dc1394;f20e72e4_1;e25d434b;c6c3a982_1;6a747f2e;08ca1f31_2;answer_d586e9cd;sharegpt_DWorlZE_0;32d6bf49;8464304d_2;3c3a9042_3;ultrachat_166065;sharegpt_aVExml0_92;sharegpt_9EM9xb8_46;c3023a45_1,1.000,,,18346.9
35a27287,wrong_retrieval,"The user would prefer responses that suggest cultural events where they can practice their language skills, particularly Spanish and French. They would also appreciate if the event has a focus on language learning resources. They would not prefer events that do not provide opportunities for language practice or cultural exchange.",I don't know.,answer_9b182436,answer_9b182436;58ae7c4f_3;880ee13e;02f2ab8e_2;a98ff421_1;ultrachat_422353;ultrachat_360890;sharegpt_d6Xeauh_0;203bf3fa_2,1.000,,,21918.1
32260d93,wrong_retrieval,"The user would prefer recommendations for stand-up comedy specials on Netflix, especially those that are known for their storytelling. They may not prefer recommendations for other genres or platforms.",I don't know.,answer_0250ae1c,573dc24b_1;sharegpt_H4jw5s7_39;04bef53b;answer_0250ae1c;d6bbe94d_3;b84b7a2b_2;ultrachat_507667;sharegpt_zciCXP1_0;5ace29d7_1;ultrachat_136348;c4d370d3_2;09b815e7_2;sharegpt_8jxRz9U_0;ultrachat_26485;3f787a78_4,1.000,,,30852.7
195a1a1b,llm_error,"The user would prefer suggestions that involve relaxing activities that can be done in the evening, preferably before 9:30 pm. They would not prefer suggestions that involve using their phone or watching TV, as these activities have been affecting their sleep quality.","[error: RuntimeError('openai: HTTP 400 — {\n  ""error"": {\n    ""message"": ""This model\'s maximum context length is 128000 tokens. However, your messages resulted in 149562 tokens. Please reduce the length of the messages."",\n    ""type"": ""invalid_')]",answer_6dc4305e,ed9dad6c_2;87fff4b4_1;1b71c896_2;29695e1c_1;answer_6dc4305e;ultrachat_461016;sharegpt_3fU73uy_23;ultrachat_396124,1.000,,,75471.4
afdc33df,wrong_retrieval,"The user would prefer responses that acknowledge and build upon their existing efforts to organize their kitchen, such as utilizing their new utensil holder to keep countertops clutter-free. They would also appreciate tips that address their concern for maintaining their granite surface, particularly around the sink area. Preferred responses would provide practical and actionable steps to maintain cleanliness, leveraging the user's current tools and setup. They might not prefer generic or vague suggestions that do not take into account their specific kitchen setup or concerns.",I don't know.,answer_8549e5e0,answer_8549e5e0;22f9f163_3;ad8d9f0f;e58109ed_1;ca929779_1;d5128b51,1.000,,,12033.7
caf03d32,wrong_retrieval,"The user would prefer responses that provide tips and advice specifically tailored to their slow cooker experiences, utilizing their recent success with beef stew and interest in making yogurt in the slow cooker. They might not prefer general slow cooker recipes or advice unrelated to their specific experiences and interests.","To improve your slow cooker recipes, consider the following tips:

1. **Avoid Common Mistakes**: Be mindful of common mistakes such as overfilling the slow cooker, not using enough liquid, or cooking on the wrong temperature setting. 

2. **Use the Right Ingredients**: Incorporate a variety of ingredients like beans, lentils, vegetables, and spices. For example, try recipes like lentil curry, black bean chili, or roasted vegetable stew.

3. **Monitor Cooking Time**: Cooking times can vary, but generally, recipes take about 4-6 hours on high or 8-10 hours on low. 

4. **Temperature Control**: Use a thermometer to ensure your ingredients reach the right temperature for safety and optimal results.

5. **Experiment with Flavors**: Don't hesitate to get creative with spices and seasonings to enhance the flavor of your dishes.

By following these tips, you can achieve better results with your slow cooker recipes. Happy cooking!",answer_2fc6aabb,answer_2fc6aabb;af631aa3_1;6b137bce_4;sharegpt_3D7Qpuq_14;bd6d0687;6f0e184f;8567068d_4;147e93c4;4374f9a6_2;sharegpt_kLAPfLd_0,1.000,,,31848.7
06f04340,wrong_retrieval,"The user would prefer dinner suggestions that incorporate their homegrown cherry tomatoes and herbs like basil and mint, highlighting recipes that showcase their garden produce. They might not prefer suggestions that do not utilize these specific ingredients or do not emphasize the use of homegrown elements.",I don't know.,answer_92d5f7cd,6e6fbb6b;sharegpt_h4ZC1fl_203;91223fd5_1;8b156015_2;answer_92d5f7cd;728deb4d_4,1.000,,,6755.9
6b7dfb22,wrong_retrieval,"The user would prefer responses that build upon their existing sources of inspiration, such as revisiting Instagram art accounts or exploring new techniques from online tutorials. They might also appreciate suggestions that revisit previous themes they found enjoyable, like painting flowers. The user would not prefer generic or vague suggestions for finding inspiration, and would likely appreciate responses that utilize their recent 30-day painting challenge experience.","To find new inspiration for your paintings, consider the following ideas:

1. **Explore Different Mediums**: Experiment with various painting mediums, such as watercolors, acrylics, or oils, to discover new techniques and styles.

2. **Take a Class or Workshop**: Join a local art class or workshop to learn new skills and meet other artists. This can provide fresh perspectives and ideas.

3. **Visit Art Galleries and Museums**: Spend time in galleries or museums to see different styles and techniques. Take notes on what resonates with you.

4. **Engage with Nature**: Spend time outdoors and observe the colors, shapes, and textures in nature. Consider painting landscapes or floral subjects.

5. **Use Prompts or Challenges**: Participate in art challenges, such as a 30-day painting challenge, to push your creativity and explore new themes.

6. **Create a Mood Board**: Collect images, colors, and textures that inspire you. Use this as a reference",answer_f6502d0f,answer_f6502d0f;009c1517_1;9ee69ca6_3;sharegpt_zxm712D_9;ultrachat_148325;ultrachat_336051;1c1f5ccc_4;fc69fd44_3;0daaefa7_3;22c3a5de;e0ee549a;ultrachat_443160;fd418106_3;ultrachat_78746,1.000,,,29106.6
09d032c9,wrong_retrieval,"The user would prefer responses that build upon their previous mention of purchasing a portable power bank, such as suggestions on how to optimize its use, like ensuring it's fully charged before use. They might also appreciate tips on utilizing battery-saving features on their phone. The user may not prefer responses that suggest alternative solutions or unrelated advice.","Matching facts:
- Use battery saver mode: Activate battery saver mode on your phone to limit background activity and reduce power consumption.
- Reduce screen brightness: Lower the screen brightness or set it to auto-brightness to save battery life.
- Limit background app activity: Restrict background data usage for apps that you don't need running all the time.
- Turn off location services: Disable GPS and location services",answer_b10dce5e,ultrachat_37105;e8bfacec_2;21ef2d05_1;answer_b10dce5e,1.000,,,12728.6
38146c39,wrong_retrieval,"The user would prefer responses that build upon their previous experimentation with turbinado sugar, suggesting ingredients or techniques that complement its richer flavor. They might not prefer generic cookie-making advice or suggestions that don't take into account their existing use of turbinado sugar.","To enhance your chocolate chip cookies, consider adding the following ingredients:

1. **Spices**: Cinnamon can enhance the flavor.
2. **Nuts**: Walnuts or pecans provide a nice crunch.
3. **Vanilla**: Vanilla extract enhances the overall flavor.
4. **Salt**: A pinch of flaky sea salt can enhance sweetness.
5. **Turbinado Sugar**: This sugar adds a richer flavor and pairs well with warm spices, nuts, and chocolate.
6. **Cocoa Powder or Dark Chocolate**: For a richer flavor profile.
7. **Dried Fruits**: Such as cranberries or cherries for added sweetness and chewiness.
8. **Ginger**: Adds a spicy warmth that balances sweetness.

Feel free to experiment with these combinations to find your perfect cookie!",answer_772472c8,answer_772472c8;381b80a3;5806662d_1;87aaee77;ultrachat_233519;ultrachat_441575;c324a5bc_1;909d57ca_2;a86b30e4;467db12a,1.000,,,29051.4
d24813b1,wrong_retrieval,"The user would prefer baking suggestions that take into account their previous success with the lemon poppyseed cake, such as variations of that recipe or other desserts that share similar qualities. They might prefer suggestions that balance impressiveness with manageability, considering their previous experience. The user may not prefer overly complex or unfamiliar recipes, or suggestions that do not build upon their existing baking experience.",I don't know.,answer_7c0ade93,29e25716_1;22ce6625_2;c2a34674_1;e08bf81f_4;446173bb_1;ultrachat_203993;2108281a_1;61a46ff7_3;3124bb28_1;ultrachat_76941;answer_7c0ade93;128f4e4d_3;9530353d_1;4d1b9b0d_2;ultrachat_71807,1.000,,,19250.3
57f827a0,wrong_retrieval,"The user would prefer responses that take into account their existing plans to replace the bedroom dresser and their interest in mid-century modern style, suggesting furniture layouts that accommodate the new dresser and incorporate elements of this design aesthetic. They might not prefer general furniture arrangement tips or suggestions that do not consider their specific design preferences.","Matching facts: 
- Organizing bathroom cabinets can be a daunting task, but with a few strategies, you can maximize the space and make the most of your storage.
- Purge and declutter: Get rid of expired or unused items, and consider donating gently used toiletries or beauty products.
- Categorize and group: Divide items into categories (e.g., skincare, haircare, oral care",answer_1bde8d3b,1bff1675;answer_1bde8d3b;e85e0eaf_1;d0f42e3f;762d288d_2;ultrachat_38774,1.000,,,7072.1
95228167,wrong_retrieval,"The user would prefer responses that highlight the differences between Fender Stratocaster and Gibson Les Paul electric guitars, such as the feel of the neck, weight, and sound profile. They might not prefer general tips on buying an electric guitar or suggestions that do not take into account their current guitar and desired upgrade.",I don't know.,answer_5e613445,answer_5e613445;99e0fd9f_3;ultrachat_102531;b916da64_2;5d8c99d3_3;9f80607d;57d6e39b_2;08effb2b_1;3d2e66f2_2;c34b6a1c_1;sharegpt_TDx59Y1_0;sharegpt_yra5TPM_0,1.000,,,19864.7
505af2f5,wrong_retrieval,"The user would prefer responses that suggest variations on their existing almond milk, vanilla extract, and honey creamer recipe or new ideas that align with their goals of reducing sugar intake and saving money. They might not prefer responses that recommend commercial creamer products or recipes that are high in sugar or expensive.",I don't know.,answer_f3164f2c,4f2d6be4_2;answer_f3164f2c;7d52ca48_2;sharegpt_kjeGJvK_11;0e193841_8;9216c4d3_4;9f8fa5e4_1;af631aa3_1;sharegpt_A3DTUI4_28;5e4bb245_1;92b06116_2,1.000,,,17651.2
75f70248,wrong_retrieval,"The user would prefer responses that consider the potential impact of their cat, Luna, and her shedding on their sneezing, as well as the recent deep clean of the living room and its possible effect on stirring up dust. They might not prefer responses that fail to take into account these specific details previously mentioned, such as generic suggestions or unrelated factors.",I don't know.,answer_8ee04a2e,answer_8ee04a2e;ultrachat_32122;adb1f904;sharegpt_KdbXhTW_13;e052d39c_2;ff67236f_3;ultrachat_219380;da23d58d_1;8ba845f4;ultrachat_278874;42165950_4;204862e4_2;2d74df23_4,1.000,,,17727.3
d6233ab6,wrong_retrieval,"The user would prefer responses that draw upon their personal experiences and memories, specifically their positive high school experiences such as being part of the debate team and taking advanced placement courses. They would prefer suggestions that highlight the potential benefits of attending the reunion, such as reconnecting with old friends and revisiting favorite subjects like history and economics. The user might not prefer generic or vague responses that do not take into account their individual experiences and interests.",I don't know.,answer_b0fac439,answer_b0fac439;94bc18df_3;sharegpt_k4i6Hmp_8;f916c63a_2;ultrachat_237324;cf7aad73_3;ultrachat_457634;87cfeb28_2;sharegpt_xni9yYO_6;ultrachat_49450;911f859b_5,1.000,,,17381.8
1da05512,wrong_retrieval,"The user would prefer responses that take into account their current home network storage capacity issues and recent reliance on external hard drives, highlighting the potential benefits of a NAS device in addressing these specific needs. They might not prefer responses that ignore their current storage challenges or fail to consider their recent tech upgrades and priorities. Preferred responses would utilize the user's previous mentions of storage capacity issues and tech investments to inform their decision.",8 NAS devices,answer_4d3be2ab,answer_4d3be2ab;f2565b3b_2;sharegpt_AtnznbL_0;ultrachat_502114;aea71da3_2;f7a61595_7;sharegpt_CCmWG77_0;sharegpt_RPdonhF_0;5dac7cc2_2;f5a2e179_1;e4adef2a,1.000,,,28157.0
fca70973,wrong_retrieval,"The user would prefer theme park suggestions that cater to their interest in both thrill rides and special events, utilizing their previous experiences at Disneyland, Knott's Berry Farm, Six Flags Magic Mountain, and Universal Studios Hollywood as a reference point. They would also appreciate recommendations that highlight unique food experiences and nighttime shows. The user might not prefer suggestions that focus solely on one aspect of theme parks, such as only thrill rides or only family-friendly attractions, and may not be interested in parks that lack special events or unique dining options.",I don't know.,answer_a1e169b1,answer_a1e169b1;ultrachat_546214;fc005760;5d5e80c5_1;2f2884ad_1;ultrachat_3370;f504b269;sharegpt_Yuw2LhQ_4;cfcf5340_1;312bf939,1.000,,,22732.2
b6025781,wrong_retrieval,"The user would prefer responses that suggest healthy meal prep recipes, especially those that incorporate quinoa and roasted vegetables, and offer variations in protein sources. They might appreciate suggestions that build upon their existing preferences, such as new twists on chicken Caesar salads or turkey and avocado wraps. The user may not prefer responses that suggest unhealthy or high-calorie meal prep options, or those that deviate significantly from their established healthy eating habits.","You might want to try making chicken fajitas this weekend! Here are some tips to ensure your chicken breast turns out tender and flavorful:

1. **Marinate the Chicken**: Use a marinade that includes acid (like lime juice or vinegar), oil, and spices. This helps to tenderize the meat and infuse it with flavor. Marinate for at least 30 minutes, but longer (up to 4 hours) is even better.

2. **Use the Right Cooking Method**: Searing the chicken in a hot skillet or grill pan will give it a nice crust while keeping the inside juicy. Avoid cooking it on too low heat, as this can lead to dry chicken.

3. **Cook to the Right Temperature**: Use a meat thermometer to check for doneness. Chicken breast should reach an internal temperature of 165°F (75°C). Overcooking can lead to dryness.

4. **Let it Rest**: After cooking, let the chicken rest for about",answer_8414cc57,2ef53f61_1;ultrachat_177995;f20c73f5_3;answer_8414cc57;1a693999_4;612c8368_2;c886e128_1;sharegpt_afCogMg_10;sharegpt_9XlbWvL_0;02592f97_1,1.000,,,22831.1
a89d7624,wrong_retrieval,"The user would prefer responses that take into account their previous experience in Denver, specifically their interest in live music and memorable encounter with Brandon Flowers. They might appreciate suggestions that revisit or build upon this experience, such as revisiting the same bar or exploring similar music venues in the area. The user may not prefer general tourist recommendations or activities unrelated to their interest in live music.","In Denver, you can explore a vibrant music scene with various attractions and activities. Here are some suggestions:

**Popular Attractions:**
1. **Red Rocks Park and Amphitheatre**: An iconic venue for concerts and events.
2. **The Ogden Theatre**: A historic venue for indie and rock acts.
3. **The Bluebird Theater**: Known for its unique atmosphere and diverse acts.
4. **The Fillmore Auditorium**: Hosts a variety of music genres.
5. **Larimer Lounge**: A smaller venue for discovering new talent.

**Music Festivals:**
1. **Grandoozy**: Features a diverse lineup of acts.
2. **Denver Folk Festival**: Celebrates folk and bluegrass music.
3. **Denver Jazz Festival**: Showcases local and national jazz acts.
4. **Westword Music Showcase**: A one-day festival highlighting local talent.
5. **Riot Fest Denver**: Focuses on punk and alternative music.",answer_8f15ac24,answer_8f15ac24;99f2f5b1_1;39a056ae;082fc07f_1;ultrachat_383054;sharegpt_lxjNrXL_11;a479a7d6_4;a1d698f1_3;ultrachat_411499,1.000,,,20720.6
b0479f84,wrong_retrieval,"The user would prefer documentary recommendations that are similar in style and theme to 'Our Planet', 'Free Solo', and 'Tiger King', which they have previously enjoyed. They might not prefer recommendations of documentaries that are vastly different in tone or subject matter from these titles. The preferred response utilizes the user's previously mentioned viewing history to suggest documentaries that cater to their tastes.","Here are some documentary recommendations you might enjoy:

1. **Planet Earth** (Netflix) - A stunning natural history series.
2. **Blue Planet** (Netflix) - Explores the marine world with David Attenborough.
3. **March of the Penguins** (Netflix) - A heartwarming documentary about Emperor Penguins.
4. **Dynasties** (Netflix) - Follows the lives of five animal families in the wild.
5. **Chasing Coral** (Netflix) - A visually stunning documentary about coral reef decline.
6. **The Last Lions** (Netflix) - A gripping documentary about the decline of lions in Africa.
7. **The Cave** (Netflix) - A harrowing documentary about women saving lives in Syria.
8. **The River Runs Red** (Amazon Prime) - Explores the Amazon River and its inhabitants.
9. **Expedition Unknown** (Discovery+) - Host Josh Gates uncovers hidden secrets and mysteries.
10. **Running Wild",answer_30f63ddb,answer_30f63ddb;ultrachat_573581;818545a6_2;0cf86cbe_2;ultrachat_369657;4b563ae6_1;90c9bcd3;fbfda981;386f6df9;ddf41a24;d1bb5323_1;ultrachat_419825,1.000,,,19959.3
07b6f563,wrong_retrieval,"The user would prefer suggestions of accessories that are compatible with an iPhone 13 Pro, such as high-quality screen protectors, durable cases, portable power banks, or phone wallet cases. They may not prefer suggestions of accessories that are not compatible with Apple products or do not enhance the functionality or protection of their phone.","Matching facts:
- Phone wallet cases are convenient and can include features like card slots, cash storage, and RFID-blocking material.
- Accessories for phones can include screen protectors, cases, and charging cables.

Sub-answer: Useful accessories for a phone include phone wallet cases, screen protectors, and charging cables.",answer_d03098f9,answer_d03098f9;6af947bf_1;9baddc74;sharegpt_hEh3QCG_0;55c267aa;4bebc782_1,1.000,,,5799.3
1c0ddc50,wrong_retrieval,"The user would prefer suggestions related to listening to new podcasts or audiobooks, especially the genre beyond true crime or self-improvement, such as history. They may not be interested in activities that require visual attention, such as reading or watching videos, as they are commuting. The user would not prefer general podcast topics such as true crime or self-improvement, as the user wants to explore other topics.",I don't know.,answer_8da8c7e0,2aa70c9c_1;answer_8da8c7e0;sharegpt_fwXicqL_413;99883f38_1;a0aa5035;sharegpt_ikJXzOG_0;c723431f;bdf33c73_2;0a7d5bf6_2;b33e89b5_1;7a63ba66_1;2f0c1f4e,1.000,,,15272.2
0a34ad58,wrong_retrieval,"The user would prefer responses that utilize their existing resources, such as their Suica card and TripIt app, to provide personalized tips for navigating Tokyo's public transportation. They might not prefer general tips or recommendations that do not take into account their prior preparations.","To navigate Tokyo effectively, here are some helpful tips:

1. **Public Transportation**: Tokyo has an extensive and efficient public transportation system, including trains, subways, and buses. The JR Yamanote Line is a circular train line that connects major districts in Tokyo. Consider getting a Suica or Pasmo card for convenient travel on trains, subways, and buses.

2. **Language Resources**: While many signs and announcements are in English, having a translation app or language learning app (like Duolingo or Google Translate) can be helpful. 

3. **Landmarks and Areas**: Familiarize yourself with key landmarks such as Tokyo Tower, Senso-ji Temple, Shibuya Crossing, and Meiji Shrine. These places are not only iconic but also serve as good navigation points.

4. **Maps and Apps**: Use navigation apps like Google Maps or Citymapper to help you find your way around the city. They provide real-time transit information and walking directions",answer_cebb7159,answer_cebb7159;50faa156_1;8f589040_3;5c0574b1;38e81260_1;ultrachat_320548;sharegpt_jv94ugh_0;58ad78d6_2;e0fa8486_1;ultrachat_267974;ultrachat_177101,1.000,,,59473.0
d3ab962e,wrong_retrieval,8 miles,5 miles,answer_5237bb0b_2;answer_5237bb0b_1,answer_5237bb0b_1;3329e5e8_1;ultrachat_564044;ultrachat_248741;92f1ea4d_1;answer_5237bb0b_2,1.000,,,19555.3
2311e44b,wrong_retrieval,190,I don't know,answer_bf633415_2;answer_bf633415_1,answer_bf633415_2;answer_bf633415_1;sharegpt_hi2xiJT_14;ultrachat_458191;sharegpt_i9l2lOB_0,1.000,,,16691.8
4f54b7c9,wrong_retrieval,5,4 antique items,answer_50940cb7_2;answer_50940cb7_1,answer_50940cb7_1;answer_50940cb7_2;b89f68c4_1;dde142b2_1;0aacd15f_3;ultrachat_473718,1.000,,,29797.1
51c32626,wrong_retrieval,February 1st,I don't know.,answer_58820c75_1;answer_58820c75_2,answer_58820c75_1;answer_58820c75_2;sharegpt_TRck0h4_0;sharegpt_L9l8Ic3_13;sharegpt_ErOTMZ3_59;ultrachat_260793,1.000,,,9418.1
d905b33f,wrong_retrieval,20%,I don't know.,answer_85a77c48_2;answer_85a77c48_1,answer_85a77c48_2;3301f749_1;70d0ae5d;sharegpt_VNCxIuu_18;answer_85a77c48_1,1.000,,,12081.5
60036106,wrong_retrieval,"12,000","2,000 people reached by the Facebook ad campaign and 50 people reached by the Instagram influencer collaboration, totaling 2,050 people.",answer_e552e1f9_1;answer_e552e1f9_2,answer_e552e1f9_2;answer_e552e1f9_1;sharegpt_WZsMUFm_19;ultrachat_262356;sharegpt_moARQa7_0;sharegpt_ckvrgF1_99;763f028a;23a7f0ec,1.000,,,15564.5
681a1674,wrong_retrieval,2,1 Marvel movie,answer_3be95d43_1;answer_3be95d43_2,answer_3be95d43_2;answer_3be95d43_1;fdd25ea1;sharegpt_2sE8uH6_15;d81e853b,1.000,,,10299.7
ef66a6e5,wrong_retrieval,two,3 sports,answer_f7fd1029_2;answer_f7fd1029_1,answer_f7fd1029_2;answer_f7fd1029_1;8c25f527;sharegpt_P8MHt59_0;afb58af0,1.000,,,10870.0
5025383b,wrong_retrieval,photography and cooking,Cooking and sharing thoughts on food-related posts.,answer_688f9a3f_1;answer_688f9a3f_2,answer_688f9a3f_2;answer_688f9a3f_1;0e349efa;sharegpt_BmS3AX0_10;de293134_1;064f42ee_1,1.000,,,6451.1
a1cc6108,wrong_retrieval,11,I don't know.,answer_17dc2f5b_2;answer_17dc2f5b_1,answer_17dc2f5b_2;fb328ace_1;001cefa7_2;answer_17dc2f5b_1;31e254b5;ultrachat_152948,1.000,,,5592.5
9ee3ecd6,wrong_retrieval,100,300 points are needed to redeem a free skincare product at Sephora.,answer_66c23110_1;answer_66c23110_2,answer_66c23110_2;answer_66c23110_1;sharegpt_6cz1Sq6_264;ultrachat_282862;fa0fa74d_2;ultrachat_519134,1.000,,,13695.5
0100672e,wrong_retrieval,$12,1 coffee mug,answer_35c9798c_2;answer_35c9798c_1,answer_35c9798c_2;answer_35c9798c_1;a4b223a7_1;562addbd_1;b167a4a8;sharegpt_Qga4bRp_0,1.000,,,8473.4
92a0aa75,missing_fact,1 year and 5 months,I don't know.,answer_6cb8f792_1;answer_6cb8f792_2,ultrachat_178564;1c0921ee_3;3fdc2dba;ultrachat_61473;sharegpt_9l7gjYP_17;a5854a8d_2,0.000,answer_6cb8f792_1;answer_6cb8f792_2,,10799.8
67e0d0f2,wrong_retrieval,20,I don't know.,answer_3a5010af_2;answer_3a5010af_1,answer_3a5010af_1;answer_3a5010af_2;sharegpt_tJkPZbz_2;2252d3dd;sharegpt_GJpf1ou_0,1.000,,,15837.0
ba358f49,wrong_retrieval,33,Next year,answer_cbd08e3c_1;answer_cbd08e3c_2,answer_cbd08e3c_1;sharegpt_kpnwrGe_12;9cc709cb;2a2ea005_1;fb0f2ac2,0.500,answer_cbd08e3c_2,,8382.6
73d42213,wrong_retrieval,9:00 AM,I don't know.,answer_1881e7db_1;answer_1881e7db_2,answer_1881e7db_2;sharegpt_ab6IEma_0;9614d065_1;sharegpt_YlgTw57_486;02e9f7e3_3;c437b4b8_1,0.500,answer_1881e7db_1,,7159.1
099778bb,wrong_retrieval,20%,Matching facts: Women occupy 20 of the leadership positions in the company; Sub-answer: I don't know.,answer_80d6d664_2;answer_80d6d664_1,answer_80d6d664_1;answer_80d6d664_2;33877350_2;sharegpt_1dQ2mgC_0;sharegpt_NsWS4Jl_0;b1793bba,1.000,,,5433.1
09ba9854,wrong_retrieval,$50,You will save approximately $129 by taking the train from the airport to your hotel instead of a taxi.,answer_96c743d0_2;answer_96c743d0_1,answer_96c743d0_2;answer_96c743d0_1;7a2bdd15_1;f7644391_2;sharegpt_aJXFuOS_0;7c654fcd_1,1.000,,,13321.0
d6062bb9,wrong_retrieval,"1,998","1,456 views",answer_23f3a657_2;answer_23f3a657_1,answer_23f3a657_1;answer_23f3a657_2;5b6aedac;c25b95c5_1;86298245_2;5c95d0d0;1dcfb9a0_1,1.000,,,14121.0
157a136e,wrong_retrieval,43,75 years,answer_8de18468_2;answer_8de18468_1,answer_8de18468_2;7746ba1b_1;answer_8de18468_1;7614c21f_2;298bf7a3_1;377f8fd9_4;9b3a7f2c_4;sharegpt_xQQ30VB_0,1.000,,,10954.1
c18a7dc8,wrong_retrieval,7,8 options for noise-cancelling headphones and earbuds,answer_2e2085fa_2;answer_2e2085fa_1,answer_2e2085fa_1;f716720c_3;ultrachat_84280;answer_2e2085fa_2;sharegpt_Gebs6W5_12;9d5a389d;2d74df23_1;5022812c;sharegpt_08DM2vn_41;ultrachat_418857;ultrachat_353377,1.000,,,28159.5
a3332713,wrong_retrieval,$200,I don't know,answer_16ece55f_2;answer_16ece55f_1,answer_16ece55f_1;answer_16ece55f_2;67388dfc_2;62be624f;1c8a264a_4;202c6329_1,1.000,,,11336.3
55241a1f,wrong_retrieval,33,12 comments,answer_fa08bf49_1;answer_fa08bf49_2,answer_fa08bf49_1;sharegpt_uachDoP_25;sharegpt_TzwvePR_0;ultrachat_348345;answer_fa08bf49_2;46e4a8eb_2,1.000,,,11260.7
a08a253f,wrong_retrieval,4 days.,3 days a week,answer_47152166_2;answer_47152166_1,answer_47152166_1;b1d9eb66_4;d79173aa_3;771570c5_1;answer_47152166_2;270e1b64,1.000,,,9617.7
f0e564bc,wrong_retrieval,"$1,300",The total amount spent on the designer handbag and high-end skincare products is $800.,answer_cfcf5340_1;answer_cfcf5340_2,answer_cfcf5340_1;sharegpt_W3YFpVK_7;65ca99fb_2;798e4ba3_2;9f35ac68;sharegpt_JfMnEjD_1;answer_cfcf5340_2;sharegpt_5QJbBnD_31;658150c4,1.000,,,11943.8
078150f1,wrong_retrieval,$50,You raised $250 in the charity cycling event.,answer_254d8b09_1;answer_254d8b09_2,answer_254d8b09_1;answer_254d8b09_2;61b27d67_3;ultrachat_276164,1.000,,,17235.8
8cf4d046,wrong_retrieval,3.83,I don't know.,answer_e2278b24_1;answer_e2278b24_2,answer_e2278b24_2;answer_e2278b24_1;sharegpt_WjpyexI_15;sharegpt_XsIUcaD_89;ultrachat_554855,1.000,,,11391.4
8e91e7d9,wrong_retrieval,4,1 sibling,answer_477ae455_1;answer_477ae455_2,ultrachat_407788;ultrachat_233413;sharegpt_PZrBCF2_0;sharegpt_8lpX5R7_19;answer_477ae455_2;454fd51b_1,0.500,answer_477ae455_1,,7778.8
efc3f7c2,wrong_retrieval,30 minutes,1 hour and 30 minutes earlier on Fridays,answer_fc81d1a2_1;answer_fc81d1a2_2,answer_fc81d1a2_2;fc005760;answer_fc81d1a2_1;88a7faa7_1;0f013a55;ultrachat_38938,1.000,,,12490.6
2311e44b_abs,wrong_retrieval,The information provided is not enough. You did not mention how many paged do you have left to read in 'Sapiens'.,I don't know,answer_bf633415_abs_1;answer_bf633415_abs_2,answer_bf633415_abs_2;answer_bf633415_abs_1;dc880372_2;sharegpt_dvA1THi_0;35915bf5,1.000,,,7833.7
6456829e_abs,wrong_retrieval,The information provided is not enough. You mentioned planting 5 plants for tomatoes but you did not mention chili peppers.,8 plants,answer_743f03a1_abs_1;answer_743f03a1_abs_2,answer_743f03a1_abs_1;b61cc91b_2;answer_743f03a1_abs_2;sharegpt_Hc0Zm6i_0;3d8d4828_2;sharegpt_qT4tK9d_0,1.000,,,22880.7
e5ba910e_abs,wrong_retrieval,"The information provided is not enough. You mentioned purchasing a headphone, but you did not mention the iPad.",The total cost of your recently purchased headphones and the iPad is $378.,answer_e49ed9d3_abs_1;answer_e49ed9d3_abs_2,answer_e49ed9d3_abs_1;6339aa1d_2;answer_e49ed9d3_abs_2;f2df24cd_2;a239515b;6d013bad_3;cc3f0564_1;0802c0ad_3;e8c815ff_3,1.000,,,14063.7
a96c20ee_abs,wrong_retrieval,The information provided is not enough. You did not mention presenting a poster for your undergrad course research project.,Harvard University.,answer_ef84b994_abs_1;answer_ef84b994_abs_2,answer_ef84b994_abs_1;answer_ef84b994_abs_2;1917d461;4163e709_3;ultrachat_184142;2b02b6fb_2;ultrachat_231397;ultrachat_111552;ultrachat_117026;ultrachat_24979;sharegpt_0OYTYWn_15;ultrachat_512336;ultrachat_36312,1.000,,,13209.0
ba358f49_abs,wrong_retrieval,"The information provided is not enough. You did not mention how old Rachel is right now, nor when will you get married.",I don't know.,answer_cbd08e3c_abs_1;answer_cbd08e3c_abs_2,answer_cbd08e3c_abs_1;33706ad0;30bbae12_1;ultrachat_297416;07ebc271;20ea9554_1,0.500,answer_cbd08e3c_abs_2,,5529.4
09ba9854_abs,wrong_retrieval,The information provided is not enough. You did not mention how much will the bus take.,You will save approximately $40 to $50 by taking the bus instead of a taxi.,answer_96c743d0_abs_1;answer_96c743d0_abs_2,answer_96c743d0_abs_1;answer_96c743d0_abs_2;ultrachat_342361;sharegpt_JZm4ich_15;sharegpt_zkZeqPa_0;688246d1,1.000,,,10197.3
gpt4_59149c77,wrong_retrieval,7 days. 8 days (including the last day) is also acceptable.,9 exhibits or museums,answer_d00ba6d0_1;answer_d00ba6d0_2,9e2c2a6c_2;answer_d00ba6d0_1;answer_d00ba6d0_2;64c2b3c8;sharegpt_XlNs8Lz_199;ultrachat_280434;ultrachat_318178;a7403b3d_4,1.000,,,14280.1
gpt4_f49edff3,wrong_retrieval,"First, I helped my friend prepare the nursery, then I helped my cousin pick out stuff for her baby shower, and lastly, I ordered a customized phone case for my friend's birthday.","The order of the three events from first to last is: the day I helped my friend prepare the nursery (Sunday), the day I helped my cousin pick out stuff for her baby shower (unknown), and the day I ordered a customized phone case for my friend's birthday (today). Since the exact day for helping my cousin is not known, the final order is: the day I helped my friend prepare the nursery, the day I ordered a customized phone case for my friend's birthday, and the day I helped my cousin pick out stuff for her baby shower.",answer_3e9fce53_1;answer_3e9fce53_2;answer_3e9fce53_3,answer_3e9fce53_1;answer_3e9fce53_3;bb27df5e_3;answer_3e9fce53_2;9f8fa5e4_2;acfdbdcb;76703db4_3;f78a22b6_1;1a29bf1f;ultrachat_44085,1.000,,,26974.0
71017276,wrong_retrieval,4,I don't know,answer_0b4a8adc_1,683c8358_1;10889cf0_1;398f23e7;sharegpt_CjoQMV6_0;sharegpt_duoAhsS_0;sharegpt_ZUJIuGt_13;answer_0b4a8adc_1;f78a22b6_4,1.000,,,10479.9
b46e15ed,wrong_retrieval,2,0 months,answer_4bfcc250_4;answer_4bfcc250_3;answer_4bfcc250_2;answer_4bfcc250_1,sharegpt_cXkL3cR_28;answer_4bfcc250_1;ultrachat_396986;aeab3296;sharegpt_KCGdZJP_0,0.250,answer_4bfcc250_4;answer_4bfcc250_3;answer_4bfcc250_2,,8944.4
gpt4_fa19884c,wrong_retrieval,6 days. 7 days (including the last day) is also acceptable.,I don't know,answer_ff201786_1;answer_ff201786_2,answer_ff201786_1;bb2180e9_3;sharegpt_oPOTyid_141;answer_ff201786_2;128082f8_1;6414f676_2;87a02ddc_3;630b2de2_1;70de1bd2;fee8e72a_5;sharegpt_Hogib0O_0;1b066639;sharegpt_zvmX9pX_25,1.000,,,14123.0
0bc8ad92,wrong_retrieval,5,I don't know,answer_f4ea84fb_3;answer_f4ea84fb_2;answer_f4ea84fb_1,ultrachat_349938;answer_f4ea84fb_3;d3cc5bdc_1;38310d87_2;answer_f4ea84fb_1;717d1aea_1;sharegpt_3xB7vJ2_6;sharegpt_vClQxDr_21;sharegpt_ntu1Cds_0,0.667,answer_f4ea84fb_2,,13182.0
af082822,wrong_retrieval,2,1 week ago,answer_b51b6115_1,answer_b51b6115_1;1fcb4134_2;1dfef591_2;1040e24b_1;e132259f;bc5827b5;cdf068b1_2;cae65795_2;dc9bf721_2;bf38543d_2;1a920713_2,1.000,,,14214.6
gpt4_b5700ca9,wrong_retrieval,4 days.,I don't know,answer_a17423e7_1,answer_a17423e7_1;5053474c_2;0de045b3;sharegpt_FqOC5e9_169;c81aa33c_2,1.000,,,7918.1
9a707b81,wrong_retrieval,21 days. 22 days (including the last day) is also acceptable.,1 day ago,answer_dba89487_2;answer_dba89487_1,answer_dba89487_2;answer_dba89487_1;5a13d047_1;sharegpt_sW9QRz1_0;4abbeb2a_2;sharegpt_VA5CWV7_0,1.000,,,10661.0
gpt4_1d4ab0c9,wrong_retrieval,24 days. 25 days (including the last day) is also acceptable.,0 days,answer_febde667_1;answer_febde667_2,answer_febde667_1;answer_febde667_2;3f1d1224_3;4ff83df8;sharegpt_MIYBRJz_27;7257bd15_1;sharegpt_6cz1Sq6_328;sharegpt_QjgT2It_0;c14e3f09_1;sharegpt_Caxpnd3_12;ab855b34_2;sharegpt_htSCqmh_171;082b7e52_1,1.000,,,16054.1
gpt4_e072b769,wrong_retrieval,3 weeks ago,I don't know,answer_c19bd2bf_1,answer_c19bd2bf_1;b9e32ff8_1;5558a42e_1;sharegpt_zdDMlRC_0;85d6d348;ultrachat_371691,1.000,,,8340.7
0db4c65d,wrong_retrieval,18 days. 19 days (including the last day) is also acceptable.,I don't know,answer_b9e32ff8_1;answer_b9e32ff8_2,answer_b9e32ff8_2;answer_b9e32ff8_1;sharegpt_Fi5UpOu_38;f78a22b6_3;sharegpt_VQ0Td3t_0;71dc2037_2,1.000,,,7773.5
gpt4_1d80365e,wrong_retrieval,2 days. 3 days (including the last day) is also acceptable.,I don't know,answer_661b711f_1;answer_661b711f_2,answer_661b711f_2;answer_661b711f_1;sharegpt_5uZ7IdY_0;18f6e3be_2;805e571c_1,1.000,,,10567.3
gpt4_7f6b06db,wrong_retrieval,"I went on a day hike to Muir Woods National Monument with my family, then I went on a road trip with friends to Big Sur and Monterey, and finally I started my solo camping trip to Yosemite National Park.","Trip to Muir Woods National Monument, Trip to Kyoto or Osaka during Golden Week, Trip to the Eastern Sierra.",answer_5d8c99d3_1;answer_5d8c99d3_2;answer_5d8c99d3_3,39c1bf6a;d9ca4aca;answer_5d8c99d3_1;4bf66c38_2;sharegpt_CLjyR25_9,0.333,answer_5d8c99d3_2;answer_5d8c99d3_3,,6259.8
gpt4_6dc9b45b,wrong_retrieval,4 months ago,0 months ago,answer_c4df007f_1,answer_c4df007f_1;ultrachat_384387;56911dc5_2;afa0c2e7_5;27639dd8_1;ultrachat_35147,1.000,,,8319.3
gpt4_8279ba02,wrong_retrieval,10 days ago. 11 days (including the last day) is also acceptable.,I don't know,answer_56521e65_1,86c5d31d;answer_56521e65_1;85f19a30_1;b5b8f8f9_1;sharegpt_BSRNM84_16,1.000,,,7759.7
gpt4_18c2b244,wrong_retrieval,"First, I used a Buy One Get One Free coupon on Luvs diapers at Walmart. Then, I redeemed $12 cashback for a $10 Amazon gift card from Ibotta. Finally, I signed up for the rewards program at ShopRite.","The order of the three events is: 
1. 'I signed up for the rewards program at ShopRite' (today)
2. 'I used a Buy One Get One Free coupon on Luvs diapers at Walmart' (today)
3. 'I redeemed $12 cashback for a $10 Amazon gift card from Ibotta' (today)",answer_c862f65a_2;answer_c862f65a_3;answer_c862f65a_1,answer_c862f65a_1;answer_c862f65a_2;answer_c862f65a_3;7e2c6065;ultrachat_503659;bd98c974_2;7c4431e2_1;ffd66315_2,1.000,,,17568.3
gpt4_a1b77f9c,wrong_retrieval,"2 weeks for 'The Nightingale', 4 weeks for 'Sapiens: A Brief History of Humankind', and 2 weeks for 'The Power', so a total of 8 weeks.",5 weeks,answer_e9ad5914_1;answer_e9ad5914_2;answer_e9ad5914_3;answer_e9ad5914_4;answer_e9ad5914_5;answer_e9ad5914_6,answer_e9ad5914_1;answer_e9ad5914_2;answer_e9ad5914_6;answer_e9ad5914_3;answer_e9ad5914_5;sharegpt_cc7Q3YI_21;answer_e9ad5914_4;e09b6396;ultrachat_6904;daac1a76;e44534ca;199a5225_1;660c4dba_2,1.000,,,15050.4
gpt4_1916e0ea,wrong_retrieval,54 days. 55 days (including the last day) is also acceptable.,I don't know,answer_447052a5_2;answer_447052a5_1,answer_447052a5_2;sharegpt_9dKNTQo_0;fe4dd702_2;sharegpt_bcZD9Nt_0;fa1ce406_2;b9890c15_2;answer_447052a5_1;sharegpt_gw7Ym6y_6;dffa3157,1.000,,,9868.0
gpt4_7a0daae1,wrong_retrieval,1 week,0 weeks,answer_4d5490f1_1;answer_4d5490f1_2,answer_4d5490f1_2;answer_4d5490f1_1;2ff297a8_1;bf3aebdb_2;ultrachat_9855;ultrachat_253041,1.000,,,12594.7
gpt4_468eb063,missing_fact,9 days ago. 10 days (including the last day) is also acceptable.,I don't know,answer_9b09d95b_1,e60a93ff_2;sharegpt_WRWOWFP_0;sharegpt_Sf51OjE_8;71888aff_2;sharegpt_gfhUw40_17,0.000,answer_9b09d95b_1,,7435.6
gpt4_7abb270c,wrong_retrieval,"Science Museum, Museum of Contemporary Art, Metropolitan Museum of Art, Museum of History, Modern Art Museum, Natural History Museum","Science Museum, Natural History Museum, Royal Institution, Wellcome Collection, Royal Observatory, Museum of London, Francis Crick Institute, Grant Museum of Zoology, Modern Art Museum, Museum of Contemporary Art, Metropolitan Museum of Art.",answer_7093d898_1;answer_7093d898_2;answer_7093d898_3;answer_7093d898_4;answer_7093d898_5;answer_7093d898_6,answer_7093d898_1;answer_7093d898_6;answer_7093d898_2;answer_7093d898_5;1bfd5a8b_2;answer_7093d898_4,0.833,answer_7093d898_3,,8189.1
gpt4_1e4a8aeb,wrong_retrieval,6 days. 7 days (including the last day) is also acceptable.,0 days,answer_16bd5ea5_1;answer_16bd5ea5_2,answer_16bd5ea5_2;answer_16bd5ea5_1;28621d6a_2;sharegpt_D7qcNG1_23;fd18e0dd_1,1.000,,,9253.3
gpt4_4fc4f797,wrong_retrieval,38 days. 39 days (including the last day) is also acceptable.,2 days,answer_be07688f_1;answer_be07688f_2,answer_be07688f_1;answer_be07688f_2;6588a359;39566615_1;bdcee74e_3;08834bf2_1,1.000,,,9110.1
4dfccbf7,wrong_retrieval,24 days. 25 days (including the last day) is also acceptable.,0 days,answer_4bebc782_1;answer_4bebc782_2,answer_4bebc782_2;answer_4bebc782_1;0d12bf9e_2;8fa624b2_6;e1b7b676;sharegpt_JLZvJr4_0,1.000,,,12530.0
gpt4_61e13b3c,wrong_retrieval,3 weeks,I don't know,answer_e831a29f_1;answer_e831a29f_2,answer_e831a29f_1;answer_e831a29f_2;sharegpt_YvsQDjp_0;5cb6bdba_1;a6f2320f_2;2b5c911e_3,1.000,,,7663.1
gpt4_45189cb4,wrong_retrieval,"First, I attended a NBA game at the Staples Center, then I watched the College Football National Championship game, and finally, I watched the NFL playoffs.","College Football National Championship, NBA game (Lakers vs. Bulls).",answer_e6c20e52_3;answer_e6c20e52_2;answer_e6c20e52_1,answer_e6c20e52_3;dc3ee1d1_1;answer_e6c20e52_2;22452c22;answer_e6c20e52_1;66ab6260,1.000,,,6241.7
2ebe6c90,wrong_retrieval,21 days. 22 days (including the last day) is also acceptable.,I don't know,answer_c9d35c00_1;answer_c9d35c00_2,answer_c9d35c00_2;answer_c9d35c00_1;sharegpt_gPmunOt_267;sharegpt_jyMHY1J_31;sharegpt_Y9mbtnD_0,1.000,,,7549.5
gpt4_e061b84f,wrong_retrieval,"I first completed the Spring Sprint Triathlon, then took part in the Midsummer 5K Run, and finally participated in the company's annual charity soccer tournament.",I don't know.,answer_8c64ce25_2;answer_8c64ce25_1;answer_8c64ce25_3,0a6bf5e4_1;539c2346_3;9345f7dc_4;answer_8c64ce25_3;ultrachat_194928;78d28576_2,0.333,answer_8c64ce25_2;answer_8c64ce25_1,,4923.6
370a8ff4,wrong_retrieval,15,I don't know,answer_61d1be50_1;answer_61d1be50_2,answer_61d1be50_2;answer_61d1be50_1;sharegpt_E0YL5SX_145;sharegpt_jGPXxpI_17;ultrachat_101945;8c64ce25_1,1.000,,,8088.5
gpt4_d6585ce8,wrong_retrieval,"The order of the concerts I attended is: 1. Billie Eilish concert at the Wells Fargo Center in Philly, 2. Free outdoor concert series in the park, 3. Music festival in Brooklyn, 4. Jazz night at a local bar, 5. Queen + Adam Lambert concert at the Prudential Center in Newark, NJ.","1. Music festival in Brooklyn
2. Billie Eilish show in Philly
3. Jazz night at a local bar
4. Free outdoor concert series in the park",answer_f999b05b_1;answer_f999b05b_4;answer_f999b05b_2;answer_f999b05b_5;answer_f999b05b_3,answer_f999b05b_3;answer_f999b05b_5;51c82c8e_2;answer_f999b05b_4;answer_f999b05b_2;answer_f999b05b_1;4a79d078_4;e9c1ef4b_2,1.000,,,16892.9
gpt4_4ef30696,wrong_retrieval,1 day. 2 days (including the last day) is also acceptable.,7 days,answer_f964cea3_1;answer_f964cea3_2,answer_f964cea3_1;4067bede;ultrachat_356406;sharegpt_ELYlA30_25;answer_f964cea3_2;4b29957c_1;601d92fa_1;80b3f093,1.000,,,13039.5
gpt4_ec93e27f,wrong_retrieval,train,I don't know,answer_e3aa84c4_2;answer_e3aa84c4_1,sharegpt_Sg0ctDe_14;answer_e3aa84c4_2;5a994ed3_2;answer_e3aa84c4_1,1.000,,,9056.7
6e984301,wrong_retrieval,3,6 weeks,answer_88841f26_1;answer_88841f26_2,answer_88841f26_1;954c790c_2;31903f54;ultrachat_475380;answer_88841f26_2;8f6e71cf;e1527aa0;a679a86a_2;0125f748_1;sharegpt_1GMst5Z_0,1.000,,,14335.0
8077ef71,wrong_retrieval,26 days. 27 days (including the last day) is also acceptable.,I don't know,answer_0dd54b7c_1,answer_0dd54b7c_1;sharegpt_Wi7Op1u_39;sharegpt_9EM9xb8_46;7fa3c60f_1;f7ffddbc;12cff183_2,1.000,,,8907.8
gpt4_f420262c,wrong_retrieval,"JetBlue, Delta, United, American Airlines","American Airlines, JetBlue, United Airlines.",answer_d8a1af6b_1;answer_d8a1af6b_2;answer_d8a1af6b_3;answer_d8a1af6b_4;answer_d8a1af6b_5,answer_d8a1af6b_5;answer_d8a1af6b_2;answer_d8a1af6b_4;answer_d8a1af6b_1;answer_d8a1af6b_3;sharegpt_3dtASzd_0;116bae09,1.000,,,18020.8
gpt4_8e165409,wrong_retrieval,14 days. 15 days (including the last day) is also acceptable.,3 days,answer_d97db962_1;answer_d97db962_2,answer_d97db962_1;answer_d97db962_2;ced2bbd7_2;58ab5fc5;4c2bd0fe_2;ultrachat_212949;sharegpt_JRQtEcd_115;0c6c9f4d,1.000,,,14402.8
gpt4_74aed68e,wrong_retrieval,29 days. 30 days (including the last day) is also acceptable.,0 days,answer_aed8cf17_1;answer_aed8cf17_2,answer_aed8cf17_2;answer_aed8cf17_1;318048af_2;2a86d0da_1;69a9211c_1,1.000,,,9607.1
bcbe585f,wrong_retrieval,4,1 week ago,answer_43ba3965_1,answer_43ba3965_1;7fa8099b_1;a98ff421_4;5dbe11b9;191f4c9b_2;896162a2,1.000,,,8600.2
gpt4_21adecb5,wrong_retrieval,6 months,I don't know,answer_1e2369c9_1;answer_1e2369c9_2,sharegpt_ipLglky_42;answer_1e2369c9_1;b99bd2df;8f4eb210;ultrachat_444790;sharegpt_cUXo8S0_0;answer_1e2369c9_2;e1f37e24;df6938a4_3;sharegpt_MCmVQ20_0,1.000,,,10444.8
5e1b23de,wrong_retrieval,3,0 months ago,answer_c18d480b_1,1380576d_1;answer_c18d480b_1;c28aed33;cdf75ca3_2;sharegpt_SM8NnLU_13;ultrachat_524214,1.000,,,9422.0
gpt4_98f46fc6,wrong_retrieval,I participated in the charity bake sale first.,I don't know.,answer_5850de18_2;answer_5850de18_1,answer_5850de18_2;answer_5850de18_1;32e292f2;ultrachat_238480;sharegpt_rnL5VQO_0,1.000,,,59493.2
gpt4_af6db32f,wrong_retrieval,17 days ago. 18 days (including the last day) is also acceptable.,I don't know,answer_184c8f56_1,answer_184c8f56_1;aee13015_6;f26846e1_3;sharegpt_4sEBgMJ_5;ec1b557a_1,1.000,,,7578.1
eac54adc,wrong_retrieval,19 days ago. 20 days (including the last day) is also acceptable.,You signed a contract with your first client today.,answer_0d4d0347_1;answer_0d4d0347_2,answer_0d4d0347_1;sharegpt_PgmAp0p_0;21f8f481_1;answer_0d4d0347_2;sharegpt_0ktU0jP_16;bf234051_2,1.000,,,32590.6
gpt4_7ddcf75f,wrong_retrieval,3 days ago. 4 days (including the last day) is also acceptable.,0 days ago,answer_ad8a76cb_1,answer_ad8a76cb_1;8c652eb0_2;4fb01417_2;9bfccfdc_2;sharegpt_mMdyu3t_0,1.000,,,16908.5
gpt4_a2d1d1f6,wrong_retrieval,3 days ago. 4 days (including the last day) is also acceptable.,0 days ago,answer_f6d6e33f_1,answer_f6d6e33f_1;sharegpt_gI1U1eK_4;f26d40a1;534be93d_1;ultrachat_575650,1.000,,,20890.1
gpt4_b0863698,wrong_retrieval,7 days ago. 8 days (including the last day) is also acceptable.,0 days ago,answer_550bb2d1_1,answer_550bb2d1_1;4a79d078_2;91e581ad_3;554b054e_2;710833f3;5b014f9b_1,1.000,,,17029.4
gpt4_68e94287,wrong_retrieval,You posted a recipe for vegan chili on Instagram using the hashtag #FoodieAdventures first.,"The vegan chili recipe was posted yesterday, while the participation in the #PlankChallenge happened today.",answer_9793daa3_2;answer_9793daa3_1,answer_9793daa3_1;sharegpt_heGyRgK_15;ultrachat_170510;sharegpt_ge7Hvlu_0;ultrachat_226659;sharegpt_DpVrlj9_15;answer_9793daa3_2;sharegpt_KR0Tcd0_0;64460e9d_1;dadd6379_1;74bcc8f4_1,1.000,,,20887.0
gpt4_e414231e,wrong_retrieval,4 days. 5 days (including the last day) is also acceptable.,I don't know,answer_e28c1f0d_1;answer_e28c1f0d_2,answer_e28c1f0d_1;answer_e28c1f0d_2;7e3fa056_2;sharegpt_KCGdZJP_0;sharegpt_CdnyHep_0;0254514e_1;9f8fc173_3;sharegpt_f9nnqJo_0,1.000,,,27551.2
gpt4_7bc6cf22,wrong_retrieval,12 days ago. 13 days (including the last day) is also acceptable.,0 days ago (today).,answer_e22d6aef_1,answer_e22d6aef_1;09d021e7_1;c82c18dd_1;ultrachat_330542;70b9616e;3e43bf49_1,1.000,,,18742.8
2ebe6c92,wrong_retrieval,'The Nightingale' by Kristin Hannah,I don't know.,answer_c9d35c00_1;answer_c9d35c00_2,54c5a89c_1;answer_c9d35c00_2;1ba79ea8_1;acbb04c7;ca3a4e4f_1;sharegpt_iQp7qQ2_0,0.500,answer_c9d35c00_1,,9819.1
gpt4_e061b84g,wrong_retrieval,The company's annual charity soccer tournament.,"Matching facts: 
- Participated in the Midsummer 5K Run
Sub-answer: Midsummer 5K Run.",answer_8c64ce26_2;answer_8c64ce26_1;answer_8c64ce26_3,9dac9e37_1;3929e6cc_1;answer_8c64ce26_3;answer_8c64ce26_2;sharegpt_cUXo8S0_0;answer_8c64ce26_1,1.000,,,9242.7
71017277,wrong_retrieval,my aunt,I don't know.,answer_0b4a8adc_1,e5b86922_1;ultrachat_542251;answer_0b4a8adc_1;ad175dc4_5;ultrachat_557308;sharegpt_7SCdbX2_0;f8de4e92_4,1.000,,,31603.2
b46e15ee,wrong_retrieval,the 'Walk for Hunger' charity event,"The charity event you participated in a month ago was the ""Books for Kids"" charity book drive at your local library.",answer_4bfcc251_4;answer_4bfcc251_3;answer_4bfcc251_2;answer_4bfcc251_1,answer_4bfcc251_1;answer_4bfcc251_3;answer_4bfcc251_4;e03c71c5_1;answer_4bfcc251_2,1.000,,,13728.5
gpt4_d6585ce9,wrong_retrieval,my parents,I don't know.,answer_f999b05c_1;answer_f999b05c_4;answer_f999b05c_2;answer_f999b05c_5;answer_f999b05c_3,answer_f999b05c_3;answer_f999b05c_4;answer_f999b05c_2;58dd3f35;answer_f999b05c_5,0.800,answer_f999b05c_1,,8801.5
gpt4_1e4a8aec,wrong_retrieval,planting 12 new tomato saplings,I don't know.,answer_16bd5ea6_1;answer_16bd5ea6_2,4c8455cb_2;9f1f3bf4;a8086137;b1265fd7_1;sharegpt_QRYjIGf_0;answer_16bd5ea6_1,0.500,answer_16bd5ea6_2,,8085.1
gpt4_f420262d,wrong_retrieval,American Airlines,I don't know.,answer_d8a1af6c_1;answer_d8a1af6c_2;answer_d8a1af6c_5;answer_d8a1af6c_4;answer_d8a1af6c_3,answer_d8a1af6c_5;answer_d8a1af6c_2;1032cbcf_1;answer_d8a1af6c_1;answer_d8a1af6c_3;answer_d8a1af6c_4,1.000,,,7779.9
gpt4_59149c78,wrong_retrieval,The Metropolitan Museum of Art.,"Matching facts: 
- ""I just got back from a crafting retreat at a local farm stay""
- ""I just got back from a guided tour at the Museum of Modern Art""

Sub-answer: Museum of Modern Art.",answer_d00ba6d1_1;answer_d00ba6d1_2,23754665;sharegpt_GI6737T_2;ultrachat_131385;answer_d00ba6d1_1;ultrachat_463998;a8ac3d1d_1,0.500,answer_d00ba6d1_2,,8714.8
gpt4_e414231f,wrong_retrieval,road bike,1 bike,answer_e28c1f0e_1;answer_e28c1f0e_2,answer_e28c1f0e_1;answer_e28c1f0e_2;sharegpt_uTJDqUf_35;ultrachat_150948;sharegpt_snBuhsf_0,1.000,,,8394.1
gpt4_4929293b,wrong_retrieval,my cousin's wedding,I participated in my niece's kindergarten graduation ceremony.,answer_add9b013_2;answer_add9b013_1,c0dbabb8;4090cbea;bda611f6_3;ultrachat_326769;ultrachat_342539;answer_add9b013_2,0.500,answer_add9b013_1,,7802.0
gpt4_468eb064,missing_fact,Emma,I don't know.,answer_9b09d95b_1,25e5b797_1;ultrachat_531313;1d74a734;sharegpt_C2Qfdn8_0;1e5bd28d_2;sharegpt_0PLBHdX_15;3de0912a_3;a2f0054f;0944933f_1,0.000,answer_9b09d95b_1,,14672.6
gpt4_fa19884d,wrong_retrieval,a bluegrass band that features a banjo player,I don't know.,answer_ff201787_1;answer_ff201787_2,b35fadaa;sharegpt_A4GMAA9_0;sharegpt_etklNfN_0;5f9dd782;ultrachat_483034;f910dc31_4;answer_ff201787_1;55da3cbf_2;ccc87da9_1;answer_ff201787_2;ultrachat_143879;5c98f7bf;b76a47ad_2;ultrachat_102120,1.000,,,16484.0
9a707b82,wrong_retrieval,a chocolate cake,"Matching facts: 
- ""I've been taking care of my mom who recently had a hip replacement surgery, and I've been cooking meals for her.""
- ""I was thinking of making some chicken soup for my mom.""

Sub-answer: Chicken soup for my mom.",answer_dba89488_2;answer_dba89488_1,7a4d00b3_2;sharegpt_bUaSM2v_0;e72739cd_1;answer_dba89488_2;68d35085_1;990f3ef9_2,0.500,answer_dba89488_1,,7424.4
eac54add,wrong_retrieval,I signed a contract with my first client.,I don't know.,answer_0d4d0348_1;answer_0d4d0348_2,8f2e0a53_2;773aebbd_3;7966888b_2;answer_0d4d0348_1;ultrachat_134291;ultrachat_133409,0.500,answer_0d4d0348_2,,9703.7
4dfccbf8,wrong_retrieval,I started taking ukulele lessons with Rachel.,I don't know.,answer_4bebc783_1;answer_4bebc783_2,a63ad8e3_3;answer_4bebc783_1;7db28e68_1;87317e05_1,0.500,answer_4bebc783_2,,7223.6
0bc8ad93,wrong_retrieval,"No, you did not visit with a friend.","Yes, you visited the museum with a friend.",answer_f4ea84fc_3;answer_f4ea84fc_2;answer_f4ea84fc_1,answer_f4ea84fc_3;answer_f4ea84fc_1;sharegpt_HOO59Ue_99;sharegpt_U9Sujf2_9;85736a07_1;7285299a_2,0.667,answer_f4ea84fc_2,,12080.8
6e984302,wrong_retrieval,I got my own set of sculpting tools.,I don't know.,answer_88841f27_1;answer_88841f27_2,answer_88841f27_1;answer_88841f27_2;ultrachat_542864;41dc5d45_1;7cd7c296_1;e3e0a8d9;6efebca9;c03fc56c_1;sharegpt_DQV5bqZ_0;3535dbf0_4;c9dc9158_1;sharegpt_4Wjx3pH_0;38e2a286;e115178a_2,1.000,,,14745.0
gpt4_8279ba03,missing_fact,a smoker,I don't know.,answer_56521e66_1,2ef55f49_3;50d66391_4;d1a1b9ea_1;49b78a55_1;bb107057_2;c4661b3c_2,0.000,answer_56521e66_1,,5938.7
gpt4_68e94288,wrong_retrieval,You participated in a social media challenge called #PlankChallenge.,#PlankChallenge.,answer_9793daa4_2;answer_9793daa4_1,answer_9793daa4_1;ultrachat_396489;c99dcd81;ba80721c;sharegpt_wWUI4SO_7;ultrachat_74747,0.500,answer_9793daa4_2,,5836.1
gpt4_2487a7cb,wrong_retrieval,'Data Analysis using Python' webinar,"The 'Effective Time Management' workshop was attended first, last Saturday.",answer_1c6b85ea_2;answer_1c6b85ea_1,answer_1c6b85ea_1;4f5880c6_6;f95f6539;27d9e492_2;sharegpt_UxqsGTv_40;b7901ed7;answer_1c6b85ea_2;034ce94a_1;sharegpt_QN26oUg_0;ultrachat_110739;sharegpt_CHaU4ax_10,1.000,,,11902.0
gpt4_76048e76,wrong_retrieval,bike,I don't know,answer_b535969f_1;answer_b535969f_2,answer_b535969f_2;6a78e959_2;sharegpt_0xZLAfJ_0;answer_b535969f_1;0125f748_1;b911f05e;sharegpt_KVoq5tq_39;ultrachat_273271;sharegpt_zcVvENA_0;ultrachat_185750,1.000,,,17529.0
0bb5a684,wrong_retrieval,7 days. 8 days (including the last day) is also acceptable.,5 days before the team meeting I attended the workshop on 'Effective Communication in the Workplace' on January 10th.,answer_e936197f_1;answer_e936197f_2,answer_e936197f_1;answer_e936197f_2;826d51da_3;sharegpt_CIPQtDW_0;sharegpt_6dPUCcK_13;sharegpt_CcgnSUX_5;sharegpt_9iUZNsL_0;3c8e7c0e_3,1.000,,,20783.0
gpt4_385a5000,wrong_retrieval,Tomatoes,"The marigold seeds were started on March 3rd, while the tomato seeds were started on February 20th.",answer_7a4a93f1_2;answer_7a4a93f1_1,answer_7a4a93f1_2;answer_7a4a93f1_1;cae65795_1;8062f4ab_2;dc832f73;ultrachat_494559,1.000,,,12115.5
gpt4_5dcc0aab,wrong_retrieval,white Adidas sneakers,I don't know.,answer_099c1b6c_5;answer_099c1b6c_2;answer_099c1b6c_4;answer_099c1b6c_3;answer_099c1b6c_1,answer_099c1b6c_3;answer_099c1b6c_5;answer_099c1b6c_4;answer_099c1b6c_2;3598eaeb_2;answer_099c1b6c_1;ultrachat_156812;353d3c6d_1;b31f923a_2;e4201b70;sharegpt_5Rpp72b_87,1.000,,,18257.6
gpt4_0b2f1d21,wrong_retrieval,The malfunction of the stand mixer,2 locations,answer_c4e5d969_2;answer_c4e5d969_1,answer_c4e5d969_1;answer_c4e5d969_2;sharegpt_4pDZgCL_14;ultrachat_49268;sharegpt_QP630pA_5;ultrachat_319337;sharegpt_9JZCfee_42,1.000,,,12489.1
a3838d2b,wrong_retrieval,4,3 charity events,answer_4ffa04a2_1;answer_4ffa04a2_6;answer_4ffa04a2_4;answer_4ffa04a2_3;answer_4ffa04a2_5;answer_4ffa04a2_2,answer_4ffa04a2_1;answer_4ffa04a2_6;answer_4ffa04a2_2;answer_4ffa04a2_5;sharegpt_bA6P6oG_0;answer_4ffa04a2_3;bd4110bc;sharegpt_fhj3OCi_0,0.833,answer_4ffa04a2_4,,13617.4
gpt4_93159ced,wrong_retrieval,4 years and 9 months,"You have been working professionally for 9 years before starting your current job at NovaTech, which you began approximately 4 years and 3 months ago.",answer_e5131a1b_2;answer_e5131a1b_1,answer_e5131a1b_1;e9ad5914_6;sharegpt_A83arI9_383;17d91635_1;47e1f8dd_2;deb12028_2;answer_e5131a1b_2;ultrachat_387032;460be54a;ultrachat_244924,1.000,,,17920.4
gpt4_2d58bcd6,wrong_retrieval,'The Hate U Give',6 books,answer_3e11e0ae_1;answer_3e11e0ae_2,answer_3e11e0ae_1;answer_3e11e0ae_2;0bd0a01c;1b205d70_1;1bf8b212;sharegpt_4tLDGmp_0,1.000,,,98072.8
gpt4_65aabe59,wrong_retrieval,Smart thermostat,I don't know,answer_30dfe889_1;answer_30dfe889_2,answer_30dfe889_2;6a7e3aec;77b8fcd9_1;ultrachat_509625;46f07bd0_1;answer_30dfe889_1;05a37787;bdefa576_1,1.000,,,11096.0
982b5123,wrong_retrieval,Five months ago,3 months ago,answer_ab603dd5_1;answer_ab603dd5_2,answer_ab603dd5_1;answer_ab603dd5_2;07ba9acd_2;e36b0031;bf8ab267;a916670f_1,1.000,,,10760.7
b9cfe692,wrong_retrieval,5.5 weeks,5 weeks.,answer_5e3bb940_3;answer_5e3bb940_2;answer_5e3bb940_1,answer_5e3bb940_2;0c27c633_2;answer_5e3bb940_1;sharegpt_ErOTMZ3_149;sharegpt_JRQtEcd_115;answer_5e3bb940_3,1.000,,,12083.1
gpt4_4edbafa2,wrong_retrieval,June 3rd,"Matching facts: 
- The user mentioned making a Korean-style BBQ dish on the 10th of June.

Sub-answer: 10th of June.",answer_0a00c163_1;answer_0a00c163_2,answer_0a00c163_1;answer_0a00c163_2;sharegpt_TQNHiIB_12;sharegpt_5iMXz0S_0;d36a36f2;31291f6d_2,1.000,,,5328.3
gpt4_483dd43c,wrong_retrieval,'Game of Thrones',"2 shows: 'The Crown' and 'Game of Thrones', with 'The Crown' being watched first.",answer_fb793c87_1;answer_fb793c87_2,answer_fb793c87_1;3fd56ebf;ultrachat_375572;3ccb8cbc_2;answer_fb793c87_2;73353aee_3;sharegpt_I6IzvEF_0,1.000,,,12183.3
e4e14d04,wrong_retrieval,Two weeks,I don't know.,answer_cf425855_1;answer_cf425855_2,1c1f5ccc_3;6fb15dce_1;sharegpt_o54i4Oe_0;answer_cf425855_2;answer_cf425855_1;ultrachat_200098,1.000,,,5731.5
c9f37c46,wrong_retrieval,2 months,I don't know.,answer_cdba3d9f_1;answer_cdba3d9f_2,9d4312f6_3;02df1225_1;c3d6a282_1;answer_cdba3d9f_1;answer_cdba3d9f_2;50136b31,1.000,,,5195.8
gpt4_2c50253f,wrong_retrieval,6:45 AM,I wake up at 7:00 AM on Tuesdays and Thursdays.,answer_9af4e346_1;answer_9af4e346_2,answer_9af4e346_1;answer_9af4e346_2;4b9ed528_2;b6f35f3a_1;0138fdec,1.000,,,11877.6
gpt4_b4a80587,wrong_retrieval,The arrival of the new prime lens,The road trip to the coast happened first,answer_b9d9150e_2;answer_b9d9150e_1,answer_b9d9150e_1;answer_b9d9150e_2;9b4f5c73;sharegpt_HxOhjmq_29;sharegpt_zLYVdSv_0;f79a48dd_1;sharegpt_inuIr9J_119;ultrachat_466514,1.000,,,10853.2
cc6d1ec1,wrong_retrieval,Two months,I don't know.,answer_be73098b_2;answer_be73098b_1,sharegpt_j4070wP_0;sharegpt_uD7CBng_20;6e57988a;answer_be73098b_1;answer_be73098b_2;sharegpt_ckqShdI_21,1.000,,,6483.2
gpt4_8c8961ae,wrong_retrieval,The solo trip to Thailand,The first trip I took was to Europe with my family.,answer_72d9aa58_1;answer_72d9aa58_2,answer_72d9aa58_1;answer_72d9aa58_2;3b22d17b;ultrachat_324099;37f0ce6b_1;10466528_3;sharegpt_IEaNtCf_0;ultrachat_197141;sharegpt_VLn3Y3v_0,1.000,,,16588.3
d01c6aa8,wrong_retrieval,27,I don't know.,answer_991d55e5_1;answer_991d55e5_2,answer_991d55e5_1;answer_991d55e5_2;7d1f5395;sharegpt_xd1G5uV_0;ultrachat_10123;sharegpt_3v69R59_0,1.000,,,5730.9
993da5e2,llm_error,One week. Answers ranging from 7 days to 10 days are also acceptable.,"[error: RuntimeError(""openai: ReadError('')"")]",answer_54f0d6f9_1;answer_54f0d6f9_2,sharegpt_wpbTVG0_0;sharegpt_aU0cpbU_6;ultrachat_521096;answer_54f0d6f9_2;answer_54f0d6f9_1;ultrachat_217815,1.000,,,4613.8
gpt4_cd90e484,wrong_retrieval,Two weeks,I don't know.,answer_aa930b56_1;answer_aa930b56_2,835e1b84_2;e123ac8f;6043dcf6_1;answer_aa930b56_1;answer_aa930b56_2;ultrachat_219330;sharegpt_GXDi9WQ_0;08c306e2;sharegpt_V5oqo7j_0,1.000,,,13619.3
gpt4_88806d6e,wrong_retrieval,Tom,The first people you met were Mark and Sarah.,answer_e60a93ff_1;answer_e60a93ff_2,answer_e60a93ff_1;answer_e60a93ff_2;sharegpt_WT6LnXo_0;sharegpt_mMdyu3t_0;sharegpt_5RbA8hu_0,1.000,,,25952.8
gpt4_4cd9eba1,wrong_retrieval,one week,Approximately 2 weeks,answer_5fcca8bc_2;answer_5fcca8bc_1,answer_5fcca8bc_1;3be2cefb_1;dafc2440_2;answer_5fcca8bc_2;bab3f409;d36a862c_1;2ef53f61_4;ultrachat_104347,1.000,,,11712.2
b29f3365,wrong_retrieval,Four weeks,Six weeks.,answer_436d4309_2;answer_436d4309_1,answer_436d4309_1;answer_436d4309_2;1dae02fe;sharegpt_WjkZjl4_28;06ee3665;6a2f9452_1,1.000,,,9344.7
gpt4_2f56ae70,wrong_retrieval,Disney+,I don't know.,answer_7a36e820_2;answer_7a36e820_3;answer_7a36e820_1,answer_7a36e820_1;answer_7a36e820_2;8e3887c3_3;answer_7a36e820_3;f2835879_2,1.000,,,5141.8
6613b389,wrong_retrieval,2,I don't know,answer_aaf71ce2_3;answer_aaf71ce2_2;answer_aaf71ce2_1,answer_aaf71ce2_2;e87aa998_1;a8ef396f_1;answer_aaf71ce2_3;answer_aaf71ce2_1;20d6c376_1;1a65880d;f1cc1ddb_1;e3d8da67,1.000,,,12621.0
gpt4_78cf46a3,wrong_retrieval,Receiving the new phone case,"The narrator lost their phone charger about two weeks ago, and received their new phone case about a month ago.",answer_5a78688d_1;answer_5a78688d_2,answer_5a78688d_2;ultrachat_305042;answer_5a78688d_1;sharegpt_rx39ipj_0;sharegpt_DYHoNBD_0;sharegpt_ZWqMvoL_593;42b45f6e_2;908f1f08;ultrachat_370708,1.000,,,13406.9
gpt4_1a1dc16d,wrong_retrieval,The meeting with Rachel,"If you only have time for one, I recommend attending the Shillong Autumn Festival, which celebrates the harvest season with cultural performances, traditional food, and handicraft exhibitions.",answer_faad7d7a_2;answer_faad7d7a_1,answer_faad7d7a_1;87f1f950_2;14940349_2;sharegpt_u1aJmpT_0;answer_faad7d7a_2;c12d5181_1;sharegpt_kjeGJvK_11;ultrachat_191216;b9fef465,1.000,,,17198.7
gpt4_2f584639,wrong_retrieval,the photo album for my mom,The first gift you bought was the necklace for your sister.,answer_11a8f823_2;answer_11a8f823_1,answer_11a8f823_1;answer_11a8f823_2;c6eb17f0_1;sharegpt_cp6hfVh_19;54df03d4_1;821242cd_2;c3d89115;sharegpt_9Ypd9LO_59,1.000,,,11792.4
gpt4_5438fa52,wrong_retrieval,Spanish classes,"The cultural festival in my hometown happened yesterday, and I don't know when my Spanish classes started.",answer_b10f3828_1;answer_b10f3828_2,answer_b10f3828_1;ab8dce45;290fe09a;528f481d_6;a8e24e22;d68bab3c_1;answer_b10f3828_2;ultrachat_69599;b4f07fef_2;sharegpt_LqrFgqn_0,1.000,,,21237.8
gpt4_c27434e8,wrong_retrieval,Japanese Zero fighter plane model,I don't know,answer_d8e33f5c_1;answer_d8e33f5c_2,answer_d8e33f5c_2;sharegpt_SF6KWw1_9;ultrachat_73251;answer_d8e33f5c_1;11cd43df;808f1b35_1,1.000,,,13482.4
8c18457d,wrong_retrieval,7 days. 8 days (including the last day) is also acceptable.,28 days,answer_124f5dc3_2;answer_124f5dc3_1,answer_124f5dc3_1;98cd882c_2;answer_124f5dc3_2;4745bb2e;c8dcbe7f_1;2865bf22_1;sharegpt_vIkUTvg_0;7073a9cd_1;2d5d1c10;1a5369b9,1.000,,,14335.4
gpt4_70e84552_abs,wrong_retrieval,The information provided is not enough. You mentioned fixing the fence but did not mention purchasing cows from Peter.,I don't know,answer_b3070ec4_abs_2;answer_b3070ec4_abs_1,e2cd250e_2;59264d33_2;sharegpt_9ddQ0kX_0;sharegpt_XcNl3it_0;ultrachat_367973;44bb76f6;answer_b3070ec4_abs_1;f6ba44fe_1;sharegpt_Xj7QShV_0;sharegpt_EypOKzQ_0;answer_b3070ec4_abs_2;sharegpt_P5L3sLZ_0;430d0a87_2;e2b58a46_1;d4f7a065_3,1.000,,,13220.5
gpt4_93159ced_abs,wrong_retrieval,"The information provided is not enough. From the information provided, You haven't started working at Google yet.",I don't know.,answer_e5131a1b_abs_1;answer_e5131a1b_abs_2,answer_e5131a1b_abs_1;168feef7_2;eb80877b_1;0a957f16;sharegpt_gYShON7_0;ultrachat_69807;2f097fba_1;sharegpt_CyJ3dal_43;ultrachat_236251;76385c25,0.500,answer_e5131a1b_abs_2,,10650.0
982b5123_abs,wrong_retrieval,The information provided is not enough. You only mentioned booking Airbnb in San Francisco.,I don't know.,answer_ab603dd5_abs_1;answer_ab603dd5_abs_2,answer_ab603dd5_abs_1;4f3b0353_2;bd00a24d_1;answer_ab603dd5_abs_2;11e942da_1;9fa547ac_1,1.000,,,5163.7
c8090214_abs,wrong_retrieval,"The information provided is not enough. You mentioned getting the iPhone 13 Pro and attending the market, but you did not mention buying an iPad.",7 days,answer_70dc7d08_abs_1;answer_70dc7d08_abs_2,answer_70dc7d08_abs_1;ca3aa07f_1;f10be626;64c71782;answer_70dc7d08_abs_2;fda42399_3,1.000,,,8012.5
gpt4_c27434e8_abs,wrong_retrieval,The information provided is not enough. You did not mention starting the Porsche 991 Turbo S model.,4 projects,answer_d8e33f5c_abs_1;answer_d8e33f5c_abs_2,59a6150d_3;answer_d8e33f5c_abs_2;ultrachat_98401;answer_d8e33f5c_abs_1,1.000,,,17300.2
gpt4_fe651585_abs,wrong_retrieval,"The information provided is not enough. You mentioned Alex becoming a parent in January, but you didn't mention anything about Tom.",I don't know,answer_65600ff6_abs_1;answer_65600ff6_abs_2,sharegpt_v6ZRge5_0;d9bce149_2;answer_65600ff6_abs_1;answer_65600ff6_abs_2;ultrachat_238311;sharegpt_8wz6JrE_0;sharegpt_wrN9uUo_53;sharegpt_7PLgNll_0,1.000,,,10324.1
6a1eabeb,wrong_retrieval,25 minutes and 50 seconds (or 25:50),27:12,answer_a25d4a91_1;answer_a25d4a91_2,answer_a25d4a91_1;answer_a25d4a91_2;d03995c6;4aaf678f_3;9b3a7f2c_1;ultrachat_561259,1.000,,,7223.3
6aeb4375,wrong_retrieval,four,7 Korean restaurants,answer_3f9693b7_1;answer_3f9693b7_2,answer_3f9693b7_2;answer_3f9693b7_1;sharegpt_MtrF4Lm_50;402e0082_5;sharegpt_MWlvrvZ_0;sharegpt_Me2C50l_0;dc9bf721_1;1bc87711_1;c3567066;2e21c7d5;03105808_2,1.000,,,15022.3
852ce960,wrong_retrieval,"$400,000","$350,000 and $400,000.",answer_3a6f1e82_1;answer_3a6f1e82_2,answer_3a6f1e82_1;answer_3a6f1e82_2;a76e7e3c_1;sharegpt_eN4o9Zr_0;010a28ab_3;bdfcb4d3,1.000,,,5861.2
71315a70,wrong_retrieval,10-12 hours,15-18 hours,answer_c44b9df4_1;answer_c44b9df4_2,answer_c44b9df4_1;answer_c44b9df4_2;ultrachat_399278;ultrachat_42515;a08fbe88_1;8cfa91c3_1,1.000,,,8327.8
ce6d2d27,wrong_retrieval,Friday,I don't know.,answer_73540165_1;answer_73540165_2,answer_73540165_2;answer_73540165_1;7a4d00b3_2;168776ed_1,1.000,,,8184.9
07741c44,wrong_retrieval,under my bed,"Matching facts: 
- ""Keeping them under the bed can indeed cause them to smell""
- ""Consider investing in a shoe storage box or a sneaker organizer. These can keep your shoes organized, protected, and ventilated.""

Sub-answer: You can keep your old sneakers in a shoe storage box or a sneaker organizer to keep them organized, protected, and ventilated.",answer_7e9ad7b4_1;answer_7e9ad7b4_2,answer_7e9ad7b4_1;answer_7e9ad7b4_2;sharegpt_UGg8d44_4;85001c17;10c0752c;61fc1d85,1.000,,,6255.5
184da446,wrong_retrieval,220,2 pages of 'A Short History of Nearly Everything' have been read so far,answer_e2f4f947_1;answer_e2f4f947_2,answer_e2f4f947_2;answer_e2f4f947_1;bf633415_2;sharegpt_vnXj3bO_25;341a737e;ultrachat_195877;61ad6074;30a3c930,1.000,,,15014.2
031748ae,wrong_retrieval,"When you just started your new role as Senior Software Engineer, you led 4 engineers. Now, you lead 5 engineers",5 engineers,answer_8748f791_1;answer_8748f791_2,answer_8748f791_1;answer_8748f791_2;4dd1ba8d_1;sharegpt_pPNVaqR_0,1.000,,,9398.6
0f05491a,wrong_retrieval,120,4 different star requirements,answer_d6d2eba8_1;answer_d6d2eba8_2,answer_d6d2eba8_1;answer_d6d2eba8_2;27aba903_2;sharegpt_UpYQ1kh_79;ultrachat_286423;057cbbc4_1,1.000,,,10914.1
f9e8c073,wrong_retrieval,five,8 sessions of the bereavement support group,answer_b191df5b_1;answer_b191df5b_2,answer_b191df5b_1;answer_b191df5b_2;22db3cc3_1;sharegpt_WQun2Qq_0;sharegpt_Fhigp7F_1,1.000,,,9876.2
41698283,wrong_retrieval,a 70-200mm zoom lens,"Matching facts: 
- ""I've been really happy with my Canon EF 70-200mm f/2.8L IS III USM lens""
- ""I recently got a new 50mm prime lens""

Sub-answer: Canon EF 70-200mm f/2.8L IS III USM lens and a 50mm prime lens.",answer_c7ddc051_1;answer_c7ddc051_2,431ae25c;answer_c7ddc051_1;answer_c7ddc051_2;743d7a95;sharegpt_FpaT130_0;bf386a67_3,1.000,,,6299.2
b6019101,wrong_retrieval,5,4 MCU films,answer_67074b4b_1;answer_67074b4b_2,answer_67074b4b_2;answer_67074b4b_1;sharegpt_CvVLg2J_18;ultrachat_72569;ac089c83_4;b403d6f0_3,1.000,,,14468.7
45dc21b6,wrong_retrieval,3,1 recipe,answer_07664d43_1;answer_07664d43_2,answer_07664d43_2;answer_07664d43_1;0504a710_4;8acb29f9_1;0ad56ba6;sharegpt_Us25gXO_16;eb34144a_2,1.000,,,10770.1
6071bd76,wrong_retrieval,You switched to less water (5 ounces) per tablespoon of coffee.,You switched to more water per tablespoon of coffee.,answer_4dac77cb_1;answer_4dac77cb_2,answer_4dac77cb_1;answer_4dac77cb_2;9de53d68_1;e6b6353d;8d0b4363;ultrachat_431164,1.000,,,12237.5
e493bb7c,wrong_retrieval,in my bedroom,Above the user's bed and above the living room sofa.,answer_1a374afa_1;answer_1a374afa_2,answer_1a374afa_2;answer_1a374afa_1;47693140_1;ultrachat_185447;sharegpt_ZYY26AT_0;7aaa23d7_2,1.000,,,5814.2
72e3ee87,wrong_retrieval,50,2 episodes of the Science series completed,answer_d7de9a6a_1;answer_d7de9a6a_2,answer_d7de9a6a_2;answer_d7de9a6a_1;ultrachat_25529;ultrachat_421360;be8c3970_2;ultrachat_403686;sharegpt_I6IzvEF_136,1.000,,,12284.9
c4ea545c,wrong_retrieval,Yes,I don't know.,answer_d3bf812b_1;answer_d3bf812b_2,answer_d3bf812b_1;a1f43f8d_2;answer_d3bf812b_2;ultrachat_92064;ea0e2434;sharegpt_I0uNTjm_16,1.000,,,9888.3
2133c1b5,wrong_retrieval,3 months,I don't know.,answer_52382508_1;answer_52382508_2,8ca0085a_1;5e3c5a6b;ultrachat_354956;sharegpt_RYhUTAL_0;a52d98bf_2;sharegpt_NCuLVp2_0;answer_52382508_1;b829045b;answer_52382508_2,1.000,,,32868.6
1cea1afa,wrong_retrieval,600,500 Instagram followers,answer_79c395a9_1;answer_79c395a9_2,answer_79c395a9_2;answer_79c395a9_1;2a0c336c;ultrachat_82739;ultrachat_255553,1.000,,,22757.6
ed4ddc30,wrong_retrieval,20,50 dozen eggs,answer_babbaccb_1;answer_babbaccb_2,answer_babbaccb_2;answer_babbaccb_1;ef23ecbc_2;8b726b64_1;a0c40934_1;5d2dc022_1,1.000,,,20947.4
8fb83627,wrong_retrieval,Five,1 issue of National Geographic not finished reading,answer_966cecbb_1;answer_966cecbb_2,answer_966cecbb_2;answer_966cecbb_1;02b81ad9;sharegpt_opQbgPL_31;ultrachat_172298;0638f6f6_1;sharegpt_RXPXFRG_17;be050ab3_2,1.000,,,34839.4
5831f84d,wrong_retrieval,15,25 Crash Course videos,answer_8d63a897_1;answer_8d63a897_2,answer_8d63a897_1;answer_8d63a897_2;0a1e90d1_1;sharegpt_6I57AvU_67;sharegpt_NHidbra_0;b4f63a70_3;7b602215_1;41c90f4c_2,1.000,,,23982.5
affe2881,wrong_retrieval,32,1 different species of bird,answer_90de9b4d_1;answer_90de9b4d_2,answer_90de9b4d_1;answer_90de9b4d_2;sharegpt_aVExml0_162;fb5dd87f_7;ultrachat_443550;f334878c,1.000,,,18030.4
50635ada,wrong_retrieval,Premier Silver,Premier Gold,answer_dcd74827_1;answer_dcd74827_2,answer_dcd74827_1;answer_dcd74827_2;add7cc1e;35bc3132_2;dcbd175f_2;ultrachat_294687,1.000,,,19208.0
0ddfec37,wrong_retrieval,15,35 autographed baseballs,answer_a22b654d_1;answer_a22b654d_2,answer_a22b654d_2;answer_a22b654d_1;147ab7e9_7;60f9246d;sharegpt_YeY3ac7_0;92509977_1,1.000,,,28550.7
f685340e,wrong_retrieval,"Previously, you play tennis with your friends at the local park every week (on Sunday). Currently, you play tennis every other week (on Sunday).",You play tennis with your friends at the local park every other week.,answer_25df025b_1;answer_25df025b_2,answer_25df025b_1;answer_25df025b_2;992eb1f3_2;4a9eb139_2,1.000,,,25285.1
cc5ded98,wrong_retrieval,about two hours,2 pets,answer_a5b68517_1;answer_a5b68517_2,answer_a5b68517_2;answer_a5b68517_1;sharegpt_CLjyR25_0;8a5fe67a;sharegpt_87yRPxz_0,1.000,,,22168.2
dfde3500,wrong_retrieval,Wednesday,I don't know.,answer_35d6c0be_1;answer_35d6c0be_2,answer_35d6c0be_1;answer_35d6c0be_2;59c704ad_1;sharegpt_80caWYI_1;sharegpt_xab6zXe_0,1.000,,,9698.1
69fee5aa,wrong_retrieval,38,1 collection of 37 pre-1920 American coins,answer_d6028d6e_1;answer_d6028d6e_2,answer_d6028d6e_1;answer_d6028d6e_2;ultrachat_432034;9d11d844;5751ce13_2,1.000,,,12695.7
cf22b7bf,wrong_retrieval,10 pounds,15 pounds lost,answer_ae3a122b_1;answer_ae3a122b_2,answer_ae3a122b_2;answer_ae3a122b_1;8064b6ca;457e26bf;8ab0292c_1;36d5bbde_1;e201572a;ultrachat_51616;c8fcdf5a_1,1.000,,,19028.7
a2f3aa27,wrong_retrieval,1300,1250 followers,answer_5126c02d_1;answer_5126c02d_2,answer_5126c02d_1;ultrachat_460868;answer_5126c02d_2;sharegpt_HXQNNyd_0;39709ef6_2;ultrachat_75332,1.000,,,11892.7
c7dc5443,wrong_retrieval,5-2,I don't know.,answer_0cdbca92_1;answer_0cdbca92_2,answer_0cdbca92_1;answer_0cdbca92_2;sharegpt_6cz1Sq6_264;sharegpt_35cK50k_0;18f6e3be_2,1.000,,,7714.9
06db6396,wrong_retrieval,5,0 projects completed,answer_da72b1b4_1;answer_da72b1b4_2,5bd9f1e6_1;ultrachat_529001;ultrachat_77282;answer_da72b1b4_1;sharegpt_SwdaeDm_15;answer_da72b1b4_2;6ebdc1fe_2;ultrachat_279487,1.000,,,19152.3
9bbe84a2,wrong_retrieval,level 100,Level 150.,answer_c6a0c6c2_1;answer_c6a0c6c2_2,answer_c6a0c6c2_2;answer_c6a0c6c2_1;sharegpt_JtVDTm4_0;sharegpt_rN2ow9R_12;ff0bb7fd_2;sharegpt_hLkmbBL_0;ultrachat_162203;92b1f663_2,1.000,,,16200.3
10e09553,wrong_retrieval,7,16 largemouth bass,answer_67be2c38_1;answer_67be2c38_2,answer_67be2c38_2;answer_67be2c38_1;ultrachat_313128;de64539a_1;8ed1f402,1.000,,,11191.2
dad224aa,wrong_retrieval,7:30 am,"Matching facts: 
- ""I like to wake up at 7:30 am on Saturdays.""
- ""I've been waking up around 8:30 am on Saturdays.""

Sub-answer: 7:30 am and 8:30 am.",answer_4a97ae40_1;answer_4a97ae40_2,answer_4a97ae40_2;6de8645d_1;answer_4a97ae40_1;ultrachat_106352;1d5998ca_2;dd345e24_2,1.000,,,8100.5
ba61f0b9,wrong_retrieval,6,5 women,answer_f377cda7_1;answer_f377cda7_2,answer_f377cda7_1;answer_f377cda7_2;sharegpt_7E53b59_0;daca659d;sharegpt_s8Opwwu_0,1.000,,,14153.4
5c40ec5b,wrong_retrieval,We've met up twice.,Clara faces numerous trials and tribulations as she uncovers the dark secrets of the human king's alliance with the dark elves.,answer_1cb52d0a_1;answer_1cb52d0a_2,answer_1cb52d0a_1;answer_1cb52d0a_2;sharegpt_5ZmWZjz_0;be050ab3_2;sharegpt_RVk16qK_0;fcae5c39_1;sharegpt_Ah0tRO5_0;9eb7bb35,1.000,,,23698.4
c6853660,wrong_retrieval,You increased the limit (from one cup to two cups),The most recent change was a decrease to one cup in the morning.,answer_626e93c4_1;answer_626e93c4_2,answer_626e93c4_2;answer_626e93c4_1;sharegpt_PQ71V9I_7;6ed1c85e;dcbd175f_2;ultrachat_223464;ultrachat_435535;a4863bcb_2;ultrachat_84322;b1636b2f_2,1.000,,,12829.5
0977f2af,wrong_retrieval,Instant Pot,I don't know.,answer_3bf5b73b_1;answer_3bf5b73b_2,answer_3bf5b73b_2;f115a3db_1;ultrachat_554962;e0bfe67a_2;6e4930a9_1;sharegpt_FqOC5e9_45,0.500,answer_3bf5b73b_1,,8556.8
6aeb4375_abs,wrong_retrieval,The information provided is not enough. You mentioned trying Korean restaurants but not Italian restaurants.,I don't know,answer_3f9693b7_abs_1;answer_3f9693b7_abs_2,answer_3f9693b7_abs_1;answer_3f9693b7_abs_2;ultrachat_133121;a5286353_1;24cb335f;ultrachat_181672;27bb10f5_2;ac59be1f;e27891d3_2;9205e608_1;ultrachat_234991,1.000,,,13319.4
031748ae_abs,wrong_retrieval,The information provided is not enough. You mentioned starting the role as Senior Software Engineer but not Software Engineer Manager.,4 engineers,answer_8748f791_abs_1;answer_8748f791_abs_2,answer_8748f791_abs_1;answer_8748f791_abs_2;1d03455f_1;sharegpt_VXdtXlg_0;ultrachat_473482,1.000,,,11048.7
2698e78f_abs,wrong_retrieval,The information provided is not enough. You mentioned seeing Dr. Smith but not Dr. Johnson.,I don't know.,answer_9282283d_abs_1;answer_9282283d_abs_2,ce291e98;answer_9282283d_abs_2;answer_9282283d_abs_1;cdba3d9f_1;sharegpt_dZJOxsS_0;sharegpt_3D3oQC0_177,1.000,,,7547.0
2133c1b5_abs,wrong_retrieval,The information provided is not enough. You mentioned living in Harajuku but not Shinjuku.,I don't know.,answer_52382508_abs_1;answer_52382508_abs_2,sharegpt_kjeGJvK_13;24f9f021_2;sharegpt_M5JnA12_12;9998814e_1;sharegpt_asoSnhq_0;a864e7aa_5;334b53b1_1;answer_52382508_abs_2,0.500,answer_52382508_abs_1,,14988.8
0ddfec37_abs,wrong_retrieval,The information provided is not enough. You mentioned collecting autographed baseball but not football.,I don't know,answer_a22b654d_abs_1;answer_a22b654d_abs_2,answer_a22b654d_abs_2;answer_a22b654d_abs_1;sharegpt_V2j1zkI_0;ultrachat_200650;6de70f46_1,1.000,,,9895.0
f685340e_abs,wrong_retrieval,The information provided is not enough. You mentioned playing tennis but not table tennis.,I don't know.,answer_25df025b_abs_1;answer_25df025b_abs_2,answer_25df025b_abs_1;answer_25df025b_abs_2;bc6c5757_2,1.000,,,81547.4
07741c45,wrong_retrieval,in a shoe rack in my closet,"Matching facts: 
- ""I've been keeping them under my bed for storage""
- ""consider investing in a shoe storage box or a sneaker organizer""
- ""store them in a breathable bag""
- ""use a breathable bag or a cloth bag with holes to allow air to circulate""

Sub-answer: Under the bed or in a breathable bag.",answer_7e9ad7b4_1;answer_7e9ad7b4_2,answer_7e9ad7b4_1;answer_7e9ad7b4_2;eb8195a6_2;af4a2fd1;ce21f0e4;df846730,1.000,,,13257.4
c4f10528,wrong_retrieval,Miss Bee Providore,I don't know.,answer_ultrachat_234453,answer_ultrachat_234453;367b6c01;de55485d_1;107d40f0;51c89181_1;sharegpt_yMwEvl7_557,1.000,,,15917.5
4c36ccef,wrong_retrieval,Roscioli,"Matching facts: 
- La Pergola - This is a fine-dining restaurant located atop the Rome Cavalieri Hotel that offers a range of Italian and International dishes made with the finest ingredients.

Sub-answer: La Pergola.",answer_ultrachat_448704,answer_ultrachat_448704;sharegpt_m8F4NxL_0;sharegpt_VqXgguO_0;5fc83435_2;07e6a3bd_1;sharegpt_ZfdAEyM_0,1.000,,,10123.4
1903aded,wrong_retrieval,Transcriptionist.,1 job,answer_sharegpt_hA7AkP3_0,answer_sharegpt_hA7AkP3_0;4d287828_2;sharegpt_emE20LI_0;sharegpt_ELyN256_27;sharegpt_fpIDX7L_0,1.000,,,14087.5
f523d9fe,wrong_retrieval,Doc Martin,1 show,answer_sharegpt_m2xJfjo_0,answer_sharegpt_m2xJfjo_0;sharegpt_TF6GLMw_26;fbfda981;sharegpt_4RnbgQt_0;sharegpt_XYtuANl_9;ultrachat_16868,1.000,,,13310.5
488d3006,wrong_retrieval,The GR-90 trail.,Matching facts: None; Sub-answer: I don't know.,answer_ultrachat_275993,answer_ultrachat_275993;ce19df54_3;a68090b0_2;990c8992_1;7e4dab66_1,1.000,,,7495.1
1568498a,wrong_retrieval,28. Kg3,29. Rd3,answer_sharegpt_d6JJiqH_76,answer_sharegpt_d6JJiqH_76;sharegpt_YfakX5Z_0;4022d960_2;ultrachat_131295;71e0db57;sharegpt_69agvDU_27,1.000,,,16335.1
6222b6eb,wrong_retrieval,The 6S algorithm is implemented in the SIAC_GEE tool.,3 algorithms for atmospheric correction,answer_sharegpt_H9PiM5G_0,answer_sharegpt_H9PiM5G_0;04a0b385;caf7480d_1;sharegpt_MvUpG5V_5;2bbbe083;ultrachat_346560,1.000,,,8102.4
e982271f,wrong_retrieval,Revolution Hall,I don't know,answer_ultrachat_195444,db65997e;answer_ultrachat_195444;sharegpt_upcsBm3_0;e760dc71_1;333a59e5_1;ultrachat_247528,1.000,,,7570.7
4baee567,wrong_retrieval,The Chiefs played the Jaguars 12 times at Arrowhead Stadium.,I don't know,answer_sharegpt_i9adwQn_0,answer_sharegpt_i9adwQn_0;sharegpt_wduYbsX_0;sharegpt_dBQwSJX_0;6169ef55_1;ultrachat_323343,1.000,,,8528.5
561fabcd,wrong_retrieval,Fissionator.,"Matching facts: ""Radialisk""; ""Contaminated Colossus""; ""Irradiated Behemoth""  
Sub-answer: ""Radialisk"", ""Contaminated Colossus"", ""Irradiated Behemoth""",answer_sharegpt_hChsWOp_97,answer_sharegpt_hChsWOp_97;sharegpt_jpY4uWr_17;0d2c6b95_2;9a992902;ultrachat_495933;ultrachat_302679,1.000,,,7055.8
eaca4986,wrong_retrieval,C D E F G A B A G F E D C,"Matching facts: 
- Chorus:
  - G G G G A G F
  - G G G G A G F
  - G G G G A G F
  - G G G G A G F

Sub-answer: G G G G A G F.",answer_sharegpt_SS141vi_0,answer_sharegpt_SS141vi_0;ultrachat_311235;0e543e9e_2;sharegpt_zhAMIY7_0;sharegpt_6UVUYKJ_7,1.000,,,5675.6
