question_id,failure_category,expected_answer,model_answer,expected_session_ids,retrieved_session_ids,error,latency_ms
58bf7951,wrong_retrieval,The Glass Menagerie,I don't know.,answer_355c48bb,answer_355c48bb;answer_355c48bb;answer_355c48bb;answer_355c48bb,,1477.4
c5e8278d,wrong_retrieval,Johnson,I don't know.,answer_f6168136,answer_f6168136;answer_f6168136;answer_f6168136;answer_f6168136,,1623.8
6ade9755,wrong_retrieval,Serenity Yoga,I don't know.,answer_9398da02,answer_9398da02;answer_9398da02;answer_9398da02;answer_9398da02,,2410.0
6f9b354f,wrong_retrieval,a lighter shade of gray,I don't know.,answer_feb5200f,ultrachat_549317;0c0f2449_2;answer_feb5200f;ultrachat_549317,,2455.3
58ef2f1c,wrong_retrieval,February 14th,I don't know.,answer_59547700,answer_59547700;answer_59547700;answer_59547700;answer_59547700,,4758.8
f8c5f88b,wrong_retrieval,the sports store downtown,You bought your new tennis racket from a sports store downtown.,answer_c3567066,answer_c3567066;answer_c3567066;answer_c3567066;answer_c3567066,,1792.5
5d3d2817,missing_fact,Marketing specialist at a small startup,Your previous occupation was an LPC Associate.,answer_235eb6fb,sharegpt_BKl952A_23;sharegpt_BKl952A_23;sharegpt_BKl952A_23;ultrachat_371333,,2517.1
3b6f954b,wrong_retrieval,University of Melbourne in Australia,You attended the University of Melbourne for your study abroad program.,answer_94030872,answer_94030872;ultrachat_64326;ultrachat_294369;ultrachat_294369,,2802.2
726462e0,missing_fact,10%,I don't know.,answer_f38f679b,cdd9704d_1;741c6781_1;741c6781_1;5b83c26e_1,,2141.7
8ebdbe50,wrong_retrieval,Data Science,I don't know.,answer_8ad8a34f,answer_8ad8a34f;b53f447a_1;answer_8ad8a34f;b53f447a_1,,2178.8
6b168ec8,wrong_retrieval,three,I don't know.,answer_e623ae87,answer_e623ae87;answer_e623ae87;answer_e623ae87;answer_e623ae87,,2781.8
b86304ba,wrong_retrieval,The painting is worth triple what I paid for it.,I don't know.,answer_645b0329,answer_645b0329;answer_645b0329;answer_645b0329;8e9425ef_1,,1623.2
d52b4f67,wrong_retrieval,The Grand Ballroom,I don't know.,answer_0df6aa4b,answer_0df6aa4b;answer_0df6aa4b;62a6d083;answer_0df6aa4b,,2419.9
25e5aa4f,wrong_retrieval,"University of California, Los Angeles (UCLA)",You completed your Bachelor's degree in Computer Science at UCLA.,answer_986de8c3,answer_986de8c3;answer_986de8c3;answer_986de8c3;18807892_4,,2550.8
8550ddae,wrong_retrieval,lavender gin fizz,I don't know.,answer_c8354ae9,71cf5aeb_3;71cf5aeb_3;answer_c8354ae9;71cf5aeb_3,,2221.4
e01b8e2f,wrong_retrieval,Hawaii,I don't know.,answer_5ca6cd28,answer_5ca6cd28;86c5d31d;ultrachat_41805;86c5d31d,,2199.8
bc8a6e93,missing_fact,a lemon blueberry cake,I don't know.,answer_e6143162,b869d7ed_2;b869d7ed_2;ultrachat_453950;a1b3dd27_1,,8245.9
8a137a7f,wrong_retrieval,Philips LED bulb,I don't know.,answer_15d63a22,answer_15d63a22;answer_15d63a22;answer_15d63a22;answer_15d63a22,,2354.1
76d63226,wrong_retrieval,55-inch,Your new Samsung TV is 55 inches.,answer_bbdc7b0a,answer_bbdc7b0a;cb289226_1;answer_bbdc7b0a;cb289226_1,,3384.8
86f00804,wrong_retrieval,The Seven Husbands of Evelyn Hugo,I don't know.,answer_96b8c9ee,answer_96b8c9ee;answer_96b8c9ee;answer_96b8c9ee;answer_96b8c9ee,,1577.2
4100d0a0,wrong_retrieval,A mix of Irish and Italian,"Your ethnicity is mixed, specifically Irish and Italian.",answer_83c13ff9,answer_83c13ff9;answer_83c13ff9;answer_83c13ff9;answer_83c13ff9,,1664.1
f4f1d8a4,wrong_retrieval,my sister,Your sister gave you a new stand mixer as a birthday gift.,answer_f5b33470,answer_f5b33470;3aac691d_2;3aac691d_2;3aac691d_2,,2198.0
a82c026e,missing_fact,Dark Souls 3 DLC,I don't know.,answer_787e6a6d,752392bb_3;752392bb_3;752392bb_3;sharegpt_MBVSMQO_45,,1884.6
0862e8bf_abs,wrong_retrieval,You did not mention this information. You mentioned your cat Luna but not your hamster.,I don't know.,answer_c6fd8ebd_abs,sharegpt_8T6d65A_83;answer_c6fd8ebd_abs;sharegpt_8T6d65A_83;answer_c6fd8ebd_abs,,2879.4
15745da0_abs,wrong_retrieval,You did not mention this information. You mentioned collecting vintage cameras but not vintage films.,I don't know.,answer_586de428_abs,answer_586de428_abs;answer_586de428_abs;answer_586de428_abs;answer_586de428_abs,,2400.2
bc8a6e93_abs,wrong_retrieval,You did not mention this information. You mentioned baking for your niece's birthday party but not your uncle's,I don't know.,answer_e6143162_abs,ba944cdc;f2ce866d_2;answer_e6143162_abs;ba944cdc,,1999.2
19b5f2b3_abs,wrong_retrieval,"You did not mention this information. You mentioned staying in Japan, but not in Korea.",I don't know.,answer_5ff494b9_abs,e44a5733_1;e44a5733_1;e44a5733_1;answer_5ff494b9_abs,,5337.6
29f2956b_abs,missing_fact,"You did not mention this information. You mentioned practing guitar everyday, but not violin.",I don't know.,answer_7cc5362f_abs,503b2761;b67748d1_1;503b2761;ultrachat_13007,,1593.7
f4f1d8a4_abs,missing_fact,"You did not mention this information. You mentioned receiving a birthday gift from your sister, but not your dad.",I don't know.,answer_f5b33470_abs,1dd13331_1;1dd13331_1;1dd13331_1;1dd13331_1,,2325.0
0a995998,wrong_retrieval,3,I don't know.,answer_afa9873b_2;answer_afa9873b_3;answer_afa9873b_1,answer_afa9873b_1;answer_afa9873b_2;answer_afa9873b_2;answer_afa9873b_1,,2342.2
6d550036,missing_fact,2,I don't know.,answer_ec904b3c_1;answer_ec904b3c_4;answer_ec904b3c_3;answer_ec904b3c_2,2e4430d8_2;sharegpt_zciCXP1_12;2e4430d8_2;sharegpt_J7ZAFLd_0,,2555.5
gpt4_59c863d7,wrong_retrieval,"I have worked on or bought five model kits. The scales of the models are: Revell F-15 Eagle (scale not mentioned), Tamiya 1/48 scale Spitfire Mk.V, 1/16 scale German Tiger I tank, 1/72 scale B-29 bomber, and 1/24 scale '69 Camaro.","You have worked on or bought three model kits: a 1/72 scale B-29 bomber, a 1/24 scale '69 Camaro, and a Revell F-15 Eagle.",answer_593bdffd_4;answer_593bdffd_1;answer_593bdffd_3;answer_593bdffd_2,answer_593bdffd_1;answer_593bdffd_1;answer_593bdffd_4;answer_593bdffd_4,,3023.5
b5ef892d,wrong_retrieval,8 days.,I don't know.,answer_a8b4290f_3;answer_a8b4290f_1;answer_a8b4290f_2,answer_a8b4290f_3;answer_a8b4290f_1;answer_a8b4290f_1;answer_a8b4290f_3,,1816.3
e831120c,wrong_retrieval,3.5 weeks,It took you two weeks to watch all the Marvel Cinematic Universe movies and a week and a half to watch all the main Star Wars films.,answer_86c505e7_1;answer_86c505e7_2,answer_86c505e7_2;answer_86c505e7_2;answer_86c505e7_1;answer_86c505e7_2,,3000.7
3a704032,wrong_retrieval,3,I don't know.,answer_c2204106_2;answer_c2204106_3;answer_c2204106_1,answer_c2204106_2;answer_c2204106_2;ultrachat_501733;bc542ef7_2,,1768.2
gpt4_d84a3211,wrong_retrieval,$185,I don't know.,answer_2880eb6c_2;answer_2880eb6c_4;answer_2880eb6c_1;answer_2880eb6c_3,answer_2880eb6c_4;answer_2880eb6c_2;answer_2880eb6c_4;answer_2880eb6c_3,,2399.2
aae3761f,wrong_retrieval,15 hours for getting to the three destinations (or 30 hours for the round trip),I don't know.,answer_526354c8_1;answer_526354c8_3;answer_526354c8_2,answer_526354c8_2;answer_526354c8_1;answer_526354c8_2;answer_526354c8_2,,2343.8
gpt4_f2262a51,wrong_retrieval,"I visited three different doctors: a primary care physician, an ENT specialist, and a dermatologist.","You visited three different doctors: Dr. Patel, your primary care physician, and Dr. Lee.",answer_55a6940c_3;answer_55a6940c_1;answer_55a6940c_2,answer_55a6940c_3;answer_55a6940c_2;answer_55a6940c_2;sharegpt_BWMyoNr_0,,2723.5
dd2973ad,wrong_retrieval,2 AM,I don't know.,answer_f9de4602_2;answer_f9de4602_1,answer_f9de4602_2;answer_f9de4602_2;56266c38_1;answer_f9de4602_2,,2072.1
c4a1ceb8,wrong_retrieval,3,I don't know.,answer_56d02cab_3;answer_56d02cab_4;answer_56d02cab_2;answer_56d02cab_1,answer_56d02cab_3;answer_56d02cab_4;answer_56d02cab_3;answer_56d02cab_1,,2402.3
gpt4_a56e767c,wrong_retrieval,I attended four movie festivals.,I don't know.,answer_cf9e3940_2;answer_cf9e3940_1;answer_cf9e3940_3,answer_cf9e3940_3;d75245ea;answer_cf9e3940_1;d75245ea,,2280.3
6cb6f249,wrong_retrieval,17 days,I don't know.,answer_a4204937_2;answer_a4204937_1,answer_a4204937_1;answer_a4204937_1;answer_a4204937_1;answer_a4204937_1,,2835.1
46a3abf7,wrong_retrieval,3,You currently have two tanks: a 20-gallon community tank and a 1-gallon tank that you set up for your friend's kid.,answer_c65042d7_3;answer_c65042d7_2;answer_c65042d7_1,answer_c65042d7_2;answer_c65042d7_3;answer_c65042d7_2;answer_c65042d7_3,,2375.8
28dc39ac,wrong_retrieval,140 hours,I don't know.,answer_8d015d9d_3;answer_8d015d9d_5;answer_8d015d9d_2;answer_8d015d9d_4;answer_8d015d9d_1,cbd18c72;answer_8d015d9d_2;answer_8d015d9d_4;answer_8d015d9d_5,,1581.7
gpt4_2f8be40d,wrong_retrieval,"I attended three weddings. The couples were Rachel and Mike, Emily and Sarah, and Jen and Tom.",I don't know.,answer_e7b0637e_2;answer_e7b0637e_1;answer_e7b0637e_3,81b971b8_2;answer_e7b0637e_2;answer_e7b0637e_1;answer_e7b0637e_2,,2338.7
2e6d26dc,wrong_retrieval,5,"There are three babies mentioned in the context: Rachel's son Max, who was born in March; Mike and Emma's daughter Charlotte, who was born a few weeks after Rachel's baby shower; and your aunt's twins, Ava and Lily, who were born in April. Therefore, a total of three babies were born to friends and family members in the last few months.",answer_fa526fc0_4;answer_fa526fc0_3;answer_fa526fc0_1;answer_fa526fc0_2,answer_fa526fc0_2;answer_fa526fc0_4;sharegpt_flHO7QM_17;answer_fa526fc0_3,,4146.1
gpt4_15e38248,wrong_retrieval,4,I don't know.,answer_8858d9dc_3;answer_8858d9dc_1;answer_8858d9dc_4;answer_8858d9dc_2,answer_8858d9dc_2;d4ab49f1;answer_8858d9dc_2;answer_8858d9dc_2,,1506.9
88432d0a,wrong_retrieval,4,You baked something twice in the past two weeks: once when you made sourdough bread on Tuesday and once when you baked a chocolate cake for your sister's birthday party.,answer_733e443a_3;answer_733e443a_4;answer_733e443a_2;answer_733e443a_1,answer_733e443a_3;answer_733e443a_3;answer_733e443a_3;answer_733e443a_4,,3119.1
80ec1f4f,wrong_retrieval,2,I don't know.,answer_990c8992_2;answer_990c8992_1;answer_990c8992_3,answer_990c8992_2;answer_990c8992_2;answer_990c8992_2;ultrachat_318441,,1808.1
d23cf73b,missing_fact,4,I don't know.,answer_5a0d28f8_4;answer_5a0d28f8_2;answer_5a0d28f8_3;answer_5a0d28f8_1,b124e4a1_1;b124e4a1_1;ultrachat_456819;b124e4a1_1,,2139.3
gpt4_7fce9456,wrong_retrieval,"I viewed four properties before making an offer on the townhouse in the Brookside neighborhood. The reasons I didn't make an offer on them were: the kitchen of the bungalow needed serious renovation, the property in Cedar Creek was out of my budget, the noise from the highway was a deal-breaker for the 1-bedroom condo, and my offer on the 2-bedroom condo was rejected due to a higher bid.",I don't know.,answer_a679a86a_5;answer_a679a86a_4;answer_a679a86a_2;answer_a679a86a_3;answer_a679a86a_1,answer_a679a86a_1;answer_a679a86a_5;answer_a679a86a_5;answer_a679a86a_3,,2470.8
d682f1a2,wrong_retrieval,3,I don't know.,answer_c008e5df_1;answer_c008e5df_2;answer_c008e5df_3,sharegpt_ysMparQ_41;ultrachat_251558;answer_c008e5df_2;answer_c008e5df_1,,2703.7
7024f17c,wrong_retrieval,0.5 hours,I don't know.,answer_a21f3697_1;answer_a21f3697_2;answer_a21f3697_3,answer_a21f3697_2;answer_a21f3697_2;answer_a21f3697_2;answer_a21f3697_3,,2357.7
gpt4_5501fe77,wrong_retrieval,TikTok,"You gained the most followers on Twitter, where your follower count jumped from 420 to 540 over the past month.",answer_203bf3fa_1;answer_203bf3fa_3;answer_203bf3fa_2,answer_203bf3fa_3;answer_203bf3fa_1;answer_203bf3fa_2;answer_203bf3fa_1,,2740.7
2318644b,wrong_retrieval,$270,"You spent around $30 per night on accommodations in Tokyo and around $10-$15 per person for breakfast and brunch spots in Maui. Since the context does not provide specific accommodation costs for Hawaii, I don't know how much more you spent on accommodations per night in Hawaii compared to Tokyo.",answer_eaa8e3ef_1;answer_eaa8e3ef_2,answer_eaa8e3ef_2;answer_eaa8e3ef_2;answer_eaa8e3ef_2;answer_eaa8e3ef_1,,2836.4
2ce6a0f2,wrong_retrieval,4,I don't know.,answer_901a6763_2;answer_901a6763_4;answer_901a6763_1;answer_901a6763_3,answer_901a6763_1;answer_901a6763_1;answer_901a6763_1;answer_901a6763_1,,1638.7
gpt4_d12ceb0e,wrong_retrieval,59.6,I don't know.,answer_2504635e_3;answer_2504635e_2;answer_2504635e_1,answer_2504635e_2;73f4798f;answer_2504635e_2;2fe5510e_3,,2449.4
00ca467f,wrong_retrieval,2,I don't know.,answer_39900a0a_3;answer_39900a0a_2;answer_39900a0a_1,answer_39900a0a_2;answer_39900a0a_1;answer_39900a0a_3;e4cb6c56,,2470.9
b3c15d39,wrong_retrieval,5 days. 6 days (including the last day) is also acceptable.,It took 5 days for you to receive the new remote shutter release after you ordered it on February 5th and it arrived on February 10th.,answer_05d808e6_1;answer_05d808e6_2,answer_05d808e6_2;answer_05d808e6_2;answer_05d808e6_1;answer_05d808e6_1,,2708.0
gpt4_31ff4165,wrong_retrieval,4,I don't know.,answer_02b63d04_1;answer_02b63d04_5;answer_02b63d04_2;answer_02b63d04_3;answer_02b63d04_4,answer_02b63d04_1;sharegpt_EM0g0mi_0;answer_02b63d04_5;answer_02b63d04_2,,1930.0
eeda8a6d,wrong_retrieval,17,I don't know.,answer_3e5fea0e_1;answer_3e5fea0e_2,answer_3e5fea0e_2;answer_3e5fea0e_1;answer_3e5fea0e_2;answer_3e5fea0e_2,,2615.7
2788b940,wrong_retrieval,5,I don't know.,answer_8f6b938d_1;answer_8f6b938d_3;answer_8f6b938d_4;answer_8f6b938d_2,ultrachat_410014;answer_8f6b938d_1;ultrachat_410014;answer_8f6b938d_3,,2342.4
60bf93ed,wrong_retrieval,5 days. 6 days (including the last day) is also acceptable.,I don't know.,answer_e0956e0a_1;answer_e0956e0a_2,answer_e0956e0a_1;answer_e0956e0a_2;ultrachat_7648;answer_e0956e0a_1,,2514.4
9d25d4e0,wrong_retrieval,3,I don't know.,answer_fcff2dc4_2;answer_fcff2dc4_1;answer_fcff2dc4_3,answer_fcff2dc4_2;answer_fcff2dc4_3;answer_fcff2dc4_2;answer_fcff2dc4_1,,2234.3
129d1232,wrong_retrieval,"$5,850",I don't know.,answer_1de862d6_1;answer_1de862d6_3;answer_1de862d6_2,answer_1de862d6_2;answer_1de862d6_2;answer_1de862d6_2;answer_1de862d6_2,,2426.2
60472f9c,wrong_retrieval,2,"You have been working on two projects simultaneously, excluding your thesis: the Data Mining project and the Database Systems project.",answer_e7fe8c8b_1;answer_e7fe8c8b_2;answer_e7fe8c8b_3,answer_e7fe8c8b_1;answer_e7fe8c8b_1;answer_e7fe8c8b_2;answer_e7fe8c8b_2,,3091.8
gpt4_194be4b3,wrong_retrieval,"I currently own 4 musical instruments. I've had the Fender Stratocaster electric guitar for 5 years, the Yamaha FG800 acoustic guitar for 8 years, the 5-piece Pearl Export drum set for an unspecified amount of time, and the Korg B1 piano for 3 years.",I don't know.,answer_3826dc55_1;answer_3826dc55_3;answer_3826dc55_5;answer_3826dc55_2;answer_3826dc55_4,answer_3826dc55_3;answer_3826dc55_3;answer_3826dc55_3;answer_3826dc55_3,,2021.5
a9f6b44c,wrong_retrieval,2,I don't know.,answer_cc021f81_2;answer_cc021f81_3;answer_cc021f81_1,answer_cc021f81_3;answer_cc021f81_1;answer_cc021f81_3;answer_cc021f81_1,,2103.4
d851d5ba,wrong_retrieval,"$3,750",I don't know.,answer_5cdf9bd2_2;answer_5cdf9bd2_1;answer_5cdf9bd2_3;answer_5cdf9bd2_4,answer_5cdf9bd2_1;answer_5cdf9bd2_2;answer_5cdf9bd2_1;answer_5cdf9bd2_1,,2441.4
5a7937c8,wrong_retrieval,3 days.,I don't know.,answer_4cef8a3c_3;answer_4cef8a3c_1;answer_4cef8a3c_2,answer_4cef8a3c_1;answer_4cef8a3c_2;answer_4cef8a3c_2;answer_4cef8a3c_1,,2457.3
gpt4_ab202e7f,wrong_retrieval,"I replaced or fixed five items: the kitchen faucet, the kitchen mat, the toaster, the coffee maker, and the kitchen shelves.","You replaced one kitchen item, the old toaster, with a toaster oven. You also fixed the kitchen shelves.",answer_728deb4d_5;answer_728deb4d_2;answer_728deb4d_3;answer_728deb4d_1;answer_728deb4d_4,answer_728deb4d_4;answer_728deb4d_5;answer_728deb4d_4;answer_728deb4d_3,,2409.5
gpt4_e05b82a6,wrong_retrieval,10 times,"You rode rollercoasters three times at SeaWorld San Diego in July and three times on the Revenge of the Mummy rollercoaster at Universal Studios Hollywood in October. Therefore, you rode rollercoasters a total of six times across all the events you attended from July to October.",answer_6350aa4f_1;answer_6350aa4f_2;answer_6350aa4f_3;answer_6350aa4f_4,answer_6350aa4f_1;answer_6350aa4f_1;answer_6350aa4f_4;answer_6350aa4f_4,,3739.7
gpt4_731e37d7,wrong_retrieval,$720,I don't know.,answer_826d51da_3;answer_826d51da_4;answer_826d51da_2;answer_826d51da_1,answer_826d51da_1;answer_826d51da_1;answer_826d51da_3;answer_826d51da_3,,2004.5
edced276,wrong_retrieval,15 days,"You spent a total of five days traveling in New York City. The context does not provide information about the number of days you spent traveling in Hawaii. Therefore, I don't know the total number of days spent in Hawaii.",answer_60e8941a_2;answer_60e8941a_1,answer_60e8941a_1;answer_60e8941a_2;ultrachat_202227;answer_60e8941a_2,,3069.8
10d9b85a,missing_fact,3 days,I don't know.,answer_e0585cb5_2;answer_e0585cb5_1,cbd1fe79_2;cbd1fe79_2;02b63d04_2;aa6afba8,,1535.7
e3038f8c,wrong_retrieval,99,You have a collection of 57 rare records.,answer_b6018747_2;answer_b6018747_4;answer_b6018747_1;answer_b6018747_3,a3d8e134_2;a3d8e134_2;answer_b6018747_3;answer_b6018747_2,,2894.1
2b8f3739,wrong_retrieval,$495,"You earned $225 from selling 15 jars of your homemade jam at the Homemade and Handmade Market on May 29th. The context does not provide information about any other sales, so the total amount of money you earned from selling your products at the markets is $225.",answer_23759615_2;answer_23759615_3;answer_23759615_1,answer_23759615_1;answer_23759615_1;answer_23759615_2;ec8691f5,,2480.0
1a8a66a6,wrong_retrieval,2,I don't know.,answer_2bd23659_3;answer_2bd23659_2;answer_2bd23659_4;answer_2bd23659_1,f829b530_3;sharegpt_sXKNzPE_29;answer_2bd23659_1;answer_2bd23659_3,,1837.8
c2ac3c61,wrong_retrieval,5,I don't know.,answer_923c0221_1;answer_923c0221_2,answer_923c0221_2;answer_923c0221_2;0c483a3c;sharegpt_VuQnjeB_0,,2860.7
bf659f65,wrong_retrieval,3,I don't know.,answer_7726e7e9_1;answer_7726e7e9_3;answer_7726e7e9_2,answer_7726e7e9_1;answer_7726e7e9_1;answer_7726e7e9_1;answer_7726e7e9_1,,2860.0
gpt4_372c3eed,wrong_retrieval,10 years,You spent a total of 8 years in formal education from high school to the completion of your Bachelor's degree (4 years in high school from 2010 to 2014 and 4 years in college from 2016 to 2020).,answer_35c5419d_3;answer_35c5419d_2;answer_35c5419d_1,answer_35c5419d_1;answer_35c5419d_1;answer_35c5419d_3;ultrachat_290513,,3396.6
gpt4_2f91af09,wrong_retrieval,23,You have completed a total of 22 pieces of writing since you started writing again three weeks ago. This includes 17 poems and 5 short stories.,answer_669318cf_2;answer_669318cf_1;answer_669318cf_3,answer_669318cf_3;answer_669318cf_2;answer_669318cf_2;answer_669318cf_1,,2099.6
81507db6,wrong_retrieval,3,I don't know.,answer_da3c1266_3;answer_da3c1266_4;answer_da3c1266_1;answer_da3c1266_5;answer_da3c1266_2,answer_da3c1266_3;answer_da3c1266_2;9071ba70_3;answer_da3c1266_3,,2079.1
88432d0a_abs,wrong_retrieval,The information provided is not enough. You did not mention baking egg tarts.,I don't know.,answer_733e443a_abs_1;answer_733e443a_abs_3;answer_733e443a_abs_2;answer_733e443a_abs_4,answer_733e443a_abs_1;answer_733e443a_abs_3;answer_733e443a_abs_1;answer_733e443a_abs_3,,2377.9
80ec1f4f_abs,wrong_retrieval,0. You did not mention visitng any museum in December,I don't know.,answer_990c8992_abs_2;answer_990c8992_abs_3;answer_990c8992_abs_1,answer_990c8992_abs_2;answer_990c8992_abs_2;answer_990c8992_abs_3;answer_990c8992_abs_2,,2141.8
eeda8a6d_abs,wrong_retrieval,The information provided is not enough. You did not mention that you have a 30-gallon tank.,I don't know.,answer_3e5fea0e_abs_2;answer_3e5fea0e_abs_1,answer_3e5fea0e_abs_2;answer_3e5fea0e_abs_2;answer_3e5fea0e_abs_2;answer_3e5fea0e_abs_1,,3071.6
60bf93ed_abs,missing_fact,The information provided is not enough. You did not mention buying an iPad case.,I don't know.,answer_e0956e0a_abs_2;answer_e0956e0a_abs_1,841da171_2;a95d014c_3;841da171_2;cdf068b1_3,,1827.9
edced276_abs,wrong_retrieval,The information provided is not enough. You mentioned traveling for 10 days in Hawaii but did not mention abything about the trip to Seattle.,I don't know.,answer_60e8941a_abs_1;answer_60e8941a_abs_2,answer_60e8941a_abs_1;answer_60e8941a_abs_1;b68a96c0_2;76a6b5fb_1,,2377.3
gpt4_372c3eed_abs,wrong_retrieval,"The information provided is not enough. You mentioned 4 years in high school (2010-2014), 2 years at PCC (2014-2016), and 4 years at UCLA (2016-2020). But you didn't mention the number of years you spend getting the Master's degree",I don't know.,answer_35c5419d_abs_3;answer_35c5419d_abs_1;answer_35c5419d_abs_2,answer_35c5419d_abs_1;answer_35c5419d_abs_3;3214139b_1;sharegpt_xEpi2SM_55,,2434.5
8a2466db,wrong_retrieval,"The user would prefer responses that suggest resources specifically tailored to Adobe Premiere Pro, especially those that delve into its advanced settings. They might not prefer general video editing resources or resources related to other video editing software.","You can learn more about video editing with the following resources:

1. **Adobe Premiere Pro's official documentation and tutorials**.
2. **YouTube channels** like Premiere Bro, Video Copilot, and Adobe Creative Cloud.
3. **Online courses** on platforms like Udemy, LinkedIn Learning, and Skillshare.
4. **Premiere Pro communities and forums**, such as Reddit's r/premierepro and Adobe's Premiere Pro forum.",answer_edb03329,answer_edb03329;answer_edb03329;answer_edb03329;6dcf5fa0_1,,4644.0
06878be2,wrong_retrieval,The user would prefer suggestions of Sony-compatible accessories or high-quality photography gear that can enhance their photography experience. They may not prefer suggestions of other brands' equipment or low-quality gear.,I don't know.,answer_555dfb94,answer_555dfb94;answer_555dfb94;8fcfbe43_2;8fcfbe43_2,,1680.5
75832dbd,wrong_retrieval,"The user would prefer suggestions related to recent research papers, articles, or conferences that focus on artificial intelligence in healthcare, particularly those that involve deep learning for medical image analysis. They would not be interested in general AI topics or those unrelated to healthcare.",I don't know.,answer_d87a6ef8,answer_d87a6ef8;answer_d87a6ef8;47ec1674_2;be753d18,,2124.6
0edc2aef,wrong_retrieval,"The user would prefer suggestions of hotels in Miami that offer great views, possibly of the ocean or the city skyline, and have unique features such as a rooftop pool or a hot tub on the balcony. They may not prefer suggestions of basic or budget hotels without these features.",I don't know.,answer_d586e9cd,answer_d586e9cd;answer_d586e9cd;answer_d586e9cd;answer_d586e9cd,,2693.7
35a27287,wrong_retrieval,"The user would prefer responses that suggest cultural events where they can practice their language skills, particularly Spanish and French. They would also appreciate if the event has a focus on language learning resources. They would not prefer events that do not provide opportunities for language practice or cultural exchange.",I don't know.,answer_9b182436,answer_9b182436;answer_9b182436;answer_9b182436;answer_9b182436,,2228.7
32260d93,wrong_retrieval,"The user would prefer recommendations for stand-up comedy specials on Netflix, especially those that are known for their storytelling. They may not prefer recommendations for other genres or platforms.",I don't know.,answer_0250ae1c,answer_0250ae1c;573dc24b_1;answer_0250ae1c;6d3f5c68_4,,2504.9
195a1a1b,wrong_retrieval,"The user would prefer suggestions that involve relaxing activities that can be done in the evening, preferably before 9:30 pm. They would not prefer suggestions that involve using their phone or watching TV, as these activities have been affecting their sleep quality.",I don't know.,answer_6dc4305e,answer_6dc4305e;answer_6dc4305e;9f12daa1_1;answer_6dc4305e,,2264.1
afdc33df,wrong_retrieval,"The user would prefer responses that acknowledge and build upon their existing efforts to organize their kitchen, such as utilizing their new utensil holder to keep countertops clutter-free. They would also appreciate tips that address their concern for maintaining their granite surface, particularly around the sink area. Preferred responses would provide practical and actionable steps to maintain cleanliness, leveraging the user's current tools and setup. They might not prefer generic or vague suggestions that do not take into account their specific kitchen setup or concerns.",I don't know.,answer_8549e5e0,answer_8549e5e0;answer_8549e5e0;answer_8549e5e0;answer_8549e5e0,,2320.9
caf03d32,wrong_retrieval,"The user would prefer responses that provide tips and advice specifically tailored to their slow cooker experiences, utilizing their recent success with beef stew and interest in making yogurt in the slow cooker. They might not prefer general slow cooker recipes or advice unrelated to their specific experiences and interests.",I don't know.,answer_2fc6aabb,answer_2fc6aabb;answer_2fc6aabb;answer_2fc6aabb;answer_2fc6aabb,,2319.8
54026fce,wrong_retrieval,"The user would prefer responses that acknowledge their desire for social interaction and collaboration while working remotely, utilizing their previous experiences with company initiatives and team collaborations. They might prefer suggestions of virtual team-building activities, regular check-ins, or joining interest-based groups within the company. The user may not prefer generic suggestions that do not take into account their specific work situation or previous attempts at staying connected with colleagues.","You could consider scheduling regular virtual coffee breaks for casual chats, organizing online team activities like virtual games or team-building exercises, working on collaborative projects, creating informal chat groups on platforms like Slack or Microsoft Teams, celebrating milestones with virtual parties, or starting interest-based groups based on shared hobbies. These activities can help maintain and strengthen your connections with colleagues while working remotely.",answer_f7b22c66,answer_f7b22c66;answer_f7b22c66;answer_f7b22c66;answer_f7b22c66,,3436.6
06f04340,wrong_retrieval,"The user would prefer dinner suggestions that incorporate their homegrown cherry tomatoes and herbs like basil and mint, highlighting recipes that showcase their garden produce. They might not prefer suggestions that do not utilize these specific ingredients or do not emphasize the use of homegrown elements.",I don't know.,answer_92d5f7cd,91223fd5_1;91223fd5_1;answer_92d5f7cd;8b156015_2,,1563.0
6b7dfb22,wrong_retrieval,"The user would prefer responses that build upon their existing sources of inspiration, such as revisiting Instagram art accounts or exploring new techniques from online tutorials. They might also appreciate suggestions that revisit previous themes they found enjoyable, like painting flowers. The user would not prefer generic or vague suggestions for finding inspiration, and would likely appreciate responses that utilize their recent 30-day painting challenge experience.",I don't know.,answer_f6502d0f,answer_f6502d0f;answer_f6502d0f;answer_f6502d0f;answer_f6502d0f,,2315.9
1a1907b4,wrong_retrieval,"Considering their mixology class background, the user would prefer cocktail suggestions that build upon their existing skills and interests, such as creative variations of classic cocktails or innovative twists on familiar flavors. They might appreciate recommendations that incorporate their experience with refreshing summer drinks like Pimm's Cup. The user would not prefer overly simplistic or basic cocktail recipes, and may not be interested in suggestions that don't take into account their mixology class background.","You might consider making the Pimm's Cup with a Twist, which features Hendrick's gin and is a refreshing summer drink. It includes 1 1/2 oz Hendrick's gin, 1/2 oz lemon juice, 1/2 oz simple syrup, 1/2 oz Pimm's No. 1, and a splash of ginger beer, garnished with cucumber, mint, and fruit. It's a great choice for a get-together!",answer_719502eb,answer_719502eb;answer_719502eb;answer_719502eb;answer_719502eb,,4618.3
09d032c9,wrong_retrieval,"The user would prefer responses that build upon their previous mention of purchasing a portable power bank, such as suggestions on how to optimize its use, like ensuring it's fully charged before use. They might also appreciate tips on utilizing battery-saving features on their phone. The user may not prefer responses that suggest alternative solutions or unrelated advice.",I don't know.,answer_b10dce5e,answer_b10dce5e;b21bd3e2;answer_b10dce5e;ultrachat_510971,,1648.5
38146c39,missing_fact,"The user would prefer responses that build upon their previous experimentation with turbinado sugar, suggesting ingredients or techniques that complement its richer flavor. They might not prefer generic cookie-making advice or suggestions that don't take into account their existing use of turbinado sugar.",I don't know.,answer_772472c8,5806662d_1;ultrachat_233519;5263736d_1;5806662d_1,,2538.5
d24813b1,wrong_retrieval,"The user would prefer baking suggestions that take into account their previous success with the lemon poppyseed cake, such as variations of that recipe or other desserts that share similar qualities. They might prefer suggestions that balance impressiveness with manageability, considering their previous experience. The user may not prefer overly complex or unfamiliar recipes, or suggestions that do not build upon their existing baking experience.",I don't know.,answer_7c0ade93,e08bf81f_4;answer_7c0ade93;answer_7c0ade93;e08bf81f_4,,2476.9
57f827a0,wrong_retrieval,"The user would prefer responses that take into account their existing plans to replace the bedroom dresser and their interest in mid-century modern style, suggesting furniture layouts that accommodate the new dresser and incorporate elements of this design aesthetic. They might not prefer general furniture arrangement tips or suggestions that do not consider their specific design preferences.",I don't know.,answer_1bde8d3b,1bff1675;answer_1bde8d3b;e85e0eaf_1;1bff1675,,2283.8
95228167,wrong_retrieval,"The user would prefer responses that highlight the differences between Fender Stratocaster and Gibson Les Paul electric guitars, such as the feel of the neck, weight, and sound profile. They might not prefer general tips on buying an electric guitar or suggestions that do not take into account their current guitar and desired upgrade.",I don't know.,answer_5e613445,answer_5e613445;answer_5e613445;answer_5e613445;answer_5e613445,,2145.8
505af2f5,wrong_retrieval,"The user would prefer responses that suggest variations on their existing almond milk, vanilla extract, and honey creamer recipe or new ideas that align with their goals of reducing sugar intake and saving money. They might not prefer responses that recommend commercial creamer products or recipes that are high in sugar or expensive.",I don't know.,answer_f3164f2c,4f2d6be4_2;answer_f3164f2c;4f2d6be4_2;sharegpt_kjeGJvK_11,,2658.4
75f70248,wrong_retrieval,"The user would prefer responses that consider the potential impact of their cat, Luna, and her shedding on their sneezing, as well as the recent deep clean of the living room and its possible effect on stirring up dust. They might not prefer responses that fail to take into account these specific details previously mentioned, such as generic suggestions or unrelated factors.",I don't know.,answer_8ee04a2e,answer_8ee04a2e;answer_8ee04a2e;answer_8ee04a2e;ultrachat_32122,,2125.1
d6233ab6,missing_fact,"The user would prefer responses that draw upon their personal experiences and memories, specifically their positive high school experiences such as being part of the debate team and taking advanced placement courses. They would prefer suggestions that highlight the potential benefits of attending the reunion, such as reconnecting with old friends and revisiting favorite subjects like history and economics. The user might not prefer generic or vague responses that do not take into account their individual experiences and interests.",I don't know.,answer_b0fac439,94bc18df_3;f916c63a_2;ultrachat_49450;ultrachat_49450,,2342.1
1da05512,wrong_retrieval,"The user would prefer responses that take into account their current home network storage capacity issues and recent reliance on external hard drives, highlighting the potential benefits of a NAS device in addressing these specific needs. They might not prefer responses that ignore their current storage challenges or fail to consider their recent tech upgrades and priorities. Preferred responses would utilize the user's previous mentions of storage capacity issues and tech investments to inform their decision.",I don't know.,answer_4d3be2ab,answer_4d3be2ab;answer_4d3be2ab;answer_4d3be2ab;answer_4d3be2ab,,2329.2
fca70973,wrong_retrieval,"The user would prefer theme park suggestions that cater to their interest in both thrill rides and special events, utilizing their previous experiences at Disneyland, Knott's Berry Farm, Six Flags Magic Mountain, and Universal Studios Hollywood as a reference point. They would also appreciate recommendations that highlight unique food experiences and nighttime shows. The user might not prefer suggestions that focus solely on one aspect of theme parks, such as only thrill rides or only family-friendly attractions, and may not be interested in parks that lack special events or unique dining options.","There are several exciting theme park events coming up that you might enjoy:

1. **Disneyland**:
   - **Halloween Time**: Starting in mid-September, with festive decorations, themed food, and special entertainment.
   - **Holiday Season**: From early November, featuring themed decorations and unique shows.

2. **Knott's Berry Farm**:
   - **Knott's Scary Farm**: A Halloween event with haunted mazes and live entertainment.
   - **Christmas Celebration**: Starting in late November with festive shows and holiday-themed food.

3. **Six Flags Magic Mountain**:
   - **Fright Fest**: An annual Halloween event with haunted mazes and themed rides from late September to early November.
   - **Holiday in the Park**: Beginning in late November, featuring holiday lights and festive entertainment.

4. **Universal Studios Hollywood**:
   - **Halloween Horror Nights**: Runs from mid-September to early November with haunted houses and thrilling rides",answer_a1e169b1,answer_a1e169b1;answer_a1e169b1;f504b269;ultrachat_546214,,7700.9
b6025781,wrong_retrieval,"The user would prefer responses that suggest healthy meal prep recipes, especially those that incorporate quinoa and roasted vegetables, and offer variations in protein sources. They might appreciate suggestions that build upon their existing preferences, such as new twists on chicken Caesar salads or turkey and avocado wraps. The user may not prefer responses that suggest unhealthy or high-calorie meal prep options, or those that deviate significantly from their established healthy eating habits.",I don't know.,answer_8414cc57,f20c73f5_3;answer_8414cc57;f20c73f5_3;answer_8414cc57,,1387.8
a89d7624,wrong_retrieval,"The user would prefer responses that take into account their previous experience in Denver, specifically their interest in live music and memorable encounter with Brandon Flowers. They might appreciate suggestions that revisit or build upon this experience, such as revisiting the same bar or exploring similar music venues in the area. The user may not prefer general tourist recommendations or activities unrelated to their interest in live music.","You should definitely explore Denver's vibrant music scene! Here are some must-visit music venues and festivals to consider for your trip:

**Music Venues:**
1. **Red Rocks Park and Amphitheatre**: An iconic venue that hosts a wide range of acts.
2. **The Ogden Theatre**: A historic venue in LoDo that features indie, rock, and electronic acts.
3. **The Bluebird Theater**: Offers a unique atmosphere with a diverse lineup of acts.
4. **The Fillmore Auditorium**: Hosts a variety of genres and has a rich history with legendary acts.
5. **Larimer Lounge**: A cozy venue perfect for discovering new talent.

**Music Festivals:**
1. **Grandoozy**: Features a diverse lineup of acts across various genres.
2. **Denver Folk Festival**: A must-visit for fans of folk, bluegrass, or roots music.
3. **Denver Jazz Festival**: Celebrates jazz with local",answer_8f15ac24,answer_8f15ac24;answer_8f15ac24;answer_8f15ac24;39a056ae,,5901.6
b0479f84,wrong_retrieval,"The user would prefer documentary recommendations that are similar in style and theme to 'Our Planet', 'Free Solo', and 'Tiger King', which they have previously enjoyed. They might not prefer recommendations of documentaries that are vastly different in tone or subject matter from these titles. The preferred response utilizes the user's previously mentioned viewing history to suggest documentaries that cater to their tastes.","Here are some documentary recommendations you might enjoy:

**Nature and Wildlife:**
1. **Planet Earth** (Netflix) - Showcasing stunning natural history footage.
2. **Blue Planet** (Netflix) - Explore the marine world with David Attenborough.
3. **March of the Penguins** (Netflix) - A heartwarming documentary about Emperor Penguins in Antarctica.
4. **Dynasties** (Netflix) - Follow the lives of five animal families in the wild, narrated by David Attenborough.
5. **Chasing Coral** (Netflix) - A visually stunning documentary about the decline of coral reefs.

**Adventure and Exploration:**
1. **The Last Lions** (Netflix) - A gripping documentary about the decline of lions in Africa.
2. **The Cave** (Netflix) - A harrowing documentary about a group of women who risk their lives to save others in war-torn Syria.
3. **The River Runs Red** (Amazon Prime) - Explore",answer_30f63ddb,answer_30f63ddb;answer_30f63ddb;ultrachat_419825;4b563ae6_1,,5524.5
1d4e3b97,missing_fact,"The user would prefer responses that reference specific details from their previous interactions, such as the replacement of the bike's chain and cassette, and the use of a new Garmin bike computer. They might prefer explanations that connect these details to the observed improvement in bike performance. The user may not prefer responses that fail to acknowledge these specific details or provide vague, general explanations for the improvement.",I don't know.,answer_e6b6353d,ecb24dd8_2;ecb24dd8_2;ecb24dd8_2;ecb24dd8_2,,1418.3
07b6f563,wrong_retrieval,"The user would prefer suggestions of accessories that are compatible with an iPhone 13 Pro, such as high-quality screen protectors, durable cases, portable power banks, or phone wallet cases. They may not prefer suggestions of accessories that are not compatible with Apple products or do not enhance the functionality or protection of their phone.",I don't know.,answer_d03098f9,answer_d03098f9;answer_d03098f9;answer_d03098f9;answer_d03098f9,,2558.6
1c0ddc50,missing_fact,"The user would prefer suggestions related to listening to new podcasts or audiobooks, especially the genre beyond true crime or self-improvement, such as history. They may not be interested in activities that require visual attention, such as reading or watching videos, as they are commuting. The user would not prefer general podcast topics such as true crime or self-improvement, as the user wants to explore other topics.","You can listen to audiobooks and podcasts, engage in language learning with apps like Duolingo or Babbel, catch up on news and industry updates, or mentally prepare for your day. For entertainment, you can create motivating music playlists, listen to storytelling or comedy podcasts, or enjoy calming nature sounds.",answer_8da8c7e0,2aa70c9c_1;a0aa5035;2aa70c9c_1;2aa70c9c_1,,2963.3
0a34ad58,wrong_retrieval,"The user would prefer responses that utilize their existing resources, such as their Suica card and TripIt app, to provide personalized tips for navigating Tokyo's public transportation. They might not prefer general tips or recommendations that do not take into account their prior preparations.",I don't know.,answer_cebb7159,answer_cebb7159;answer_cebb7159;answer_cebb7159;answer_cebb7159,,1897.3
d3ab962e,wrong_retrieval,8 miles,I don't know.,answer_5237bb0b_2;answer_5237bb0b_1,3329e5e8_1;answer_5237bb0b_2;3329e5e8_1;ultrachat_564044,,2204.2
cc06de0d,wrong_retrieval,$6,"The taxi ride cost $12, and the estimated daily train fare is approximately $9.14. To find out how much more expensive the taxi ride was compared to the train fare, we subtract the train fare from the taxi ride cost:

$12 - $9.14 = $2.86

The taxi ride was $2.86 more expensive than the train fare.",answer_4fb01417_2;answer_4fb01417_1,answer_4fb01417_2;answer_4fb01417_1;answer_4fb01417_2;answer_4fb01417_2,,2877.8
a11281a2,wrong_retrieval,100,You gained approximately 350 followers in two weeks.,answer_c69ee1f9_2;answer_c69ee1f9_1,answer_c69ee1f9_2;answer_c69ee1f9_1;answer_c69ee1f9_2;answer_c69ee1f9_1,,1717.5
4f54b7c9,wrong_retrieval,5,You inherited or acquired two antique items from your family members: an antique tea set from your cousin Rachel and a vintage typewriter that belonged to your dad.,answer_50940cb7_2;answer_50940cb7_1,answer_50940cb7_2;answer_50940cb7_2;answer_50940cb7_2;answer_50940cb7_2,,3095.9
85fa3a3f,wrong_retrieval,$50,I don't know.,answer_dcb18b9b_2;answer_dcb18b9b_1,answer_dcb18b9b_2;answer_dcb18b9b_2;answer_dcb18b9b_2;answer_dcb18b9b_2,,1865.8
9aaed6a3,wrong_retrieval,$0.75,I don't know.,answer_353d3c6d_2;answer_353d3c6d_1,c846422a_1;c846422a_1;c846422a_1;answer_353d3c6d_1,,2138.1
1f2b8d4f,wrong_retrieval,$750,I don't know.,answer_d8454588_1;answer_d8454588_2,answer_d8454588_1;answer_d8454588_1;answer_d8454588_1;answer_d8454588_1,,2396.5
e6041065,wrong_retrieval,40%,"You wore 2 out of the many shoes you packed, but the exact number of shoes you packed is not provided. Therefore, I don't know the percentage of packed shoes that you wore on your last trip.",answer_4eb6d671_2;answer_4eb6d671_1,answer_4eb6d671_1;answer_4eb6d671_1;answer_4eb6d671_2;answer_4eb6d671_2,,3099.9
51c32626,wrong_retrieval,February 1st,I don't know.,answer_58820c75_1;answer_58820c75_2,answer_58820c75_1;answer_58820c75_2;answer_58820c75_1;answer_58820c75_1,,1724.7
7405e8b1,wrong_retrieval,Yes.,I don't know.,answer_80323f3f_1;answer_80323f3f_2,answer_80323f3f_2;answer_80323f3f_1;answer_80323f3f_2;answer_80323f3f_2,,5638.8
f35224e0,wrong_retrieval,27,I don't know.,answer_e9bb9500_2;answer_e9bb9500_1,answer_e9bb9500_2;answer_e9bb9500_2;96da07f9_4;answer_e9bb9500_2,,1536.9
6456829e,wrong_retrieval,8,I don't know.,answer_743f03a1_2;answer_743f03a1_1,c44d1533_2;c44d1533_2;answer_743f03a1_2;c44d1533_2,,2522.4
a4996e51,wrong_retrieval,50,I don't know.,answer_feb5f98a_1;answer_feb5f98a_2,answer_feb5f98a_2;answer_feb5f98a_1;answer_feb5f98a_1;answer_feb5f98a_2,,2482.2
60036106,wrong_retrieval,"12,000",I don't know.,answer_e552e1f9_1;answer_e552e1f9_2,answer_e552e1f9_2;answer_e552e1f9_1;answer_e552e1f9_1;answer_e552e1f9_2,,1462.5
681a1674,wrong_retrieval,2,"You re-watched one Marvel movie, which is Spider-Man: No Way Home.",answer_3be95d43_1;answer_3be95d43_2,answer_3be95d43_2;answer_3be95d43_1;answer_3be95d43_2;answer_3be95d43_1,,2761.5
4adc0475,wrong_retrieval,5,You have a total of 3 goals and 2 assists in the recreational indoor soccer league.,answer_6efce493_1;answer_6efce493_2,answer_6efce493_1;answer_6efce493_2;answer_6efce493_2;answer_6efce493_1,,3164.6
4bc144e2,wrong_retrieval,$65,"You spent $15 on the car wash. The context does not provide any information about parking ticket expenses, so I don't know how much you spent on that.",answer_9ef115d4_1;answer_9ef115d4_2,answer_9ef115d4_1;answer_9ef115d4_1;answer_9ef115d4_1;answer_9ef115d4_1,,3435.5
ef66a6e5,wrong_retrieval,two,"You have played tennis competitively in high school. You also mentioned playing soccer recently, but it is not stated whether you played it competitively. Therefore, based on the context, you have played one sport (tennis) competitively in the past.",answer_f7fd1029_2;answer_f7fd1029_1,answer_f7fd1029_1;answer_f7fd1029_1;answer_f7fd1029_1;answer_f7fd1029_1,,2718.3
5025383b,wrong_retrieval,photography and cooking,I don't know.,answer_688f9a3f_1;answer_688f9a3f_2,answer_688f9a3f_2;answer_688f9a3f_2;answer_688f9a3f_2;answer_688f9a3f_2,,1851.9
a1cc6108,wrong_retrieval,11,I don't know.,answer_17dc2f5b_2;answer_17dc2f5b_1,answer_17dc2f5b_2;answer_17dc2f5b_2;answer_17dc2f5b_2;answer_17dc2f5b_2,,1978.1
9ee3ecd6,wrong_retrieval,100,You need to earn a total of 300 points to redeem a free skincare product at Sephora.,answer_66c23110_1;answer_66c23110_2,answer_66c23110_2;answer_66c23110_2;answer_66c23110_1;answer_66c23110_2,,2891.3
3fdac837,wrong_retrieval,"11 days (or 12 days, if April 15th to 22nd is considered as 8 days)",I don't know.,answer_419d21d5_2;answer_419d21d5_1,c85ef24e_1;c85ef24e_1;answer_419d21d5_1;answer_419d21d5_1,,2117.9
91b15a6e,wrong_retrieval,"$5,150",I don't know.,answer_5404a208_1;answer_5404a208_2,answer_5404a208_2;answer_5404a208_2;answer_5404a208_2;answer_5404a208_1,,2374.3
27016adc,wrong_retrieval,10%,I don't know.,answer_a37bdf22_2;answer_a37bdf22_1,answer_a37bdf22_1;answer_a37bdf22_1;answer_a37bdf22_1;answer_a37bdf22_1,,2536.1
720133ac,wrong_retrieval,$75,I don't know.,answer_c9dfeaea_1;answer_c9dfeaea_2,answer_c9dfeaea_1;answer_c9dfeaea_1;answer_c9dfeaea_1;answer_c9dfeaea_2,,2108.5
77eafa52,wrong_retrieval,$300,I don't know.,answer_33c251f0_2;answer_33c251f0_1,answer_33c251f0_2;answer_33c251f0_2;answer_33c251f0_2;answer_33c251f0_1,,2638.0
8979f9ec,wrong_retrieval,8 meals,I don't know.,answer_35e36341_1;answer_35e36341_2,answer_35e36341_2;answer_35e36341_2;answer_35e36341_2;1064ed80_2,,2273.4
0100672e,wrong_retrieval,$12,I don't know.,answer_35c9798c_2;answer_35c9798c_1,answer_35c9798c_2;answer_35c9798c_1;answer_35c9798c_2;answer_35c9798c_2,,2265.1
a96c20ee,wrong_retrieval,Harvard University,I don't know.,answer_ef84b994_1;answer_ef84b994_2,answer_ef84b994_1;sharegpt_HxYsSjW_0;sharegpt_p5ZjxkA_36;sharegpt_p5ZjxkA_36,,2353.4
92a0aa75,missing_fact,1 year and 5 months,I don't know.,answer_6cb8f792_1;answer_6cb8f792_2,ultrachat_178564;fdf7e3e7;fdf7e3e7;ultrachat_178564,,2584.9
6c49646a,wrong_retrieval,"3,000 miles",I don't know.,answer_cc1ced21_2;answer_cc1ced21_1,answer_cc1ced21_2;answer_cc1ced21_1;answer_cc1ced21_1;answer_cc1ced21_2,,2201.9
1192316e,wrong_retrieval,an hour and a half,I don't know.,answer_e184e4c3_2;answer_e184e4c3_1,answer_e184e4c3_2;answer_e184e4c3_2;sharegpt_5HGh4Yy_0;sharegpt_5HGh4Yy_0,,3683.8
67e0d0f2,wrong_retrieval,20,I don't know.,answer_3a5010af_2;answer_3a5010af_1,answer_3a5010af_1;answer_3a5010af_2;answer_3a5010af_1;answer_3a5010af_2,,1771.7
bb7c3b45,wrong_retrieval,$300,I don't know.,answer_de64539a_1;answer_de64539a_2,answer_de64539a_1;answer_de64539a_1;answer_de64539a_1;ba37a946,,2208.7
ba358f49,wrong_retrieval,33,I don't know.,answer_cbd08e3c_1;answer_cbd08e3c_2,answer_cbd08e3c_1;fb0f2ac2;fb117eb0_2;4ea6f550,,3367.6
61f8c8f8,wrong_retrieval,10 minutes,I don't know.,answer_872e8da2_2;answer_872e8da2_1,answer_872e8da2_1;answer_872e8da2_1;answer_872e8da2_1;answer_872e8da2_1,,1627.3
60159905,wrong_retrieval,three,I don't know.,answer_75eca223_2;answer_75eca223_1,answer_75eca223_2;93191d30_2;answer_75eca223_1;answer_75eca223_2,,2760.6
ef9cf60a,wrong_retrieval,$300,You spent around $200 on a silver necklace with a small pendant from Tiffany's for your sister.,answer_87e3a1cb_1;answer_87e3a1cb_2,answer_87e3a1cb_1;answer_87e3a1cb_1;answer_87e3a1cb_1;answer_87e3a1cb_2,,2358.1
73d42213,wrong_retrieval,9:00 AM,I don't know.,answer_1881e7db_1;answer_1881e7db_2,answer_1881e7db_2;answer_1881e7db_2;answer_1881e7db_2;answer_1881e7db_2,,2047.9
bc149d6b,wrong_retrieval,70 pounds,I don't know.,answer_92147866_1;answer_92147866_2,answer_92147866_1;answer_92147866_1;answer_92147866_1;answer_92147866_1,,2712.4
099778bb,wrong_retrieval,20%,"Women occupy 20 of the leadership positions in your company, but the exact percentage of leadership positions they hold is not provided in the context. Therefore, I don't know the percentage.",answer_80d6d664_2;answer_80d6d664_1,answer_80d6d664_1;answer_80d6d664_1;answer_80d6d664_2;answer_80d6d664_2,,2504.5
157a136e,wrong_retrieval,43,I don't know.,answer_8de18468_2;answer_8de18468_1,answer_8de18468_2;answer_8de18468_2;answer_8de18468_2;answer_8de18468_2,,2041.3
c18a7dc8,wrong_retrieval,7,I don't know.,answer_2e2085fa_2;answer_2e2085fa_1,answer_2e2085fa_1;sharegpt_ErOTMZ3_149;sharegpt_YPC6Oll_18;sharegpt_ysMparQ_13,,2181.2
55241a1f,wrong_retrieval,33,I don't know.,answer_fa08bf49_1;answer_fa08bf49_2,answer_fa08bf49_1;answer_fa08bf49_1;answer_fa08bf49_1;answer_fa08bf49_1,,1972.1
a08a253f,wrong_retrieval,4 days.,"You attend fitness classes three days a week: Tuesday, Thursday, and Saturday.",answer_47152166_2;answer_47152166_1,answer_47152166_1;answer_47152166_1;answer_47152166_1;answer_47152166_1,,2186.3
f0e564bc,wrong_retrieval,"$1,300",I don't know.,answer_cfcf5340_1;answer_cfcf5340_2,answer_cfcf5340_2;answer_cfcf5340_2;answer_cfcf5340_1;answer_cfcf5340_2,,2140.1
8cf4d046,wrong_retrieval,3.83,I don't know.,answer_e2278b24_1;answer_e2278b24_2,ultrachat_554855;answer_e2278b24_2;answer_e2278b24_1;ultrachat_554855,,1753.5
a346bb18,wrong_retrieval,12,I don't know.,answer_4934b2d7_2;answer_4934b2d7_1,771ba1d5;771ba1d5;sharegpt_ooEuxDg_0;answer_4934b2d7_1,,2432.4
37f165cf,wrong_retrieval,856,"The page count of the novel you finished in January is 341 pages (""The Power"" by Naomi Alderman), and the page count of the novel you finished in March is 416 pages.",answer_6b9b2b1e_2;answer_6b9b2b1e_1,answer_6b9b2b1e_1;answer_6b9b2b1e_2;answer_6b9b2b1e_1;answer_6b9b2b1e_2,,2711.2
8e91e7d9,missing_fact,4,I don't know.,answer_477ae455_1;answer_477ae455_2,sharegpt_PZrBCF2_0;sharegpt_8lpX5R7_19;sharegpt_PZrBCF2_0;sharegpt_8lpX5R7_19,,1869.0
e56a43b9,wrong_retrieval,$5,I don't know.,answer_430d0a87_1;answer_430d0a87_2,answer_430d0a87_2;answer_430d0a87_2;answer_430d0a87_2;7596ba6a,,1840.7
21d02d0d,wrong_retrieval,2,"You missed one fun run in March due to work commitments, which was on March 5th.",answer_2c637141_2;answer_2c637141_1,answer_2c637141_2;answer_2c637141_2;answer_2c637141_1;a15fa6eb,,2908.5
2311e44b_abs,wrong_retrieval,The information provided is not enough. You did not mention how many paged do you have left to read in 'Sapiens'.,I don't know.,answer_bf633415_abs_1;answer_bf633415_abs_2,answer_bf633415_abs_2;answer_bf633415_abs_1;answer_bf633415_abs_2;answer_bf633415_abs_2,,1810.1
6456829e_abs,wrong_retrieval,The information provided is not enough. You mentioned planting 5 plants for tomatoes but you did not mention chili peppers.,I don't know.,answer_743f03a1_abs_1;answer_743f03a1_abs_2,answer_743f03a1_abs_1;answer_743f03a1_abs_1;answer_743f03a1_abs_1;answer_743f03a1_abs_1,,2389.5
e5ba910e_abs,wrong_retrieval,"The information provided is not enough. You mentioned purchasing a headphone, but you did not mention the iPad.",I don't know.,answer_e49ed9d3_abs_1;answer_e49ed9d3_abs_2,answer_e49ed9d3_abs_1;6339aa1d_2;6339aa1d_2;answer_e49ed9d3_abs_1,,2487.0
a96c20ee_abs,wrong_retrieval,The information provided is not enough. You did not mention presenting a poster for your undergrad course research project.,I don't know.,answer_ef84b994_abs_1;answer_ef84b994_abs_2,4163e709_3;4163e709_3;answer_ef84b994_abs_1;ultrachat_184142,,2258.8
ba358f49_abs,wrong_retrieval,"The information provided is not enough. You did not mention how old Rachel is right now, nor when will you get married.",I don't know.,answer_cbd08e3c_abs_1;answer_cbd08e3c_abs_2,ultrachat_297416;ultrachat_297416;40648965;answer_cbd08e3c_abs_1,,2778.2
09ba9854_abs,wrong_retrieval,The information provided is not enough. You did not mention how much will the bus take.,I don't know.,answer_96c743d0_abs_1;answer_96c743d0_abs_2,answer_96c743d0_abs_1;answer_96c743d0_abs_1;answer_96c743d0_abs_1;answer_96c743d0_abs_2,,2383.0
gpt4_59149c77,wrong_retrieval,7 days. 8 days (including the last day) is also acceptable.,I don't know.,answer_d00ba6d0_1;answer_d00ba6d0_2,answer_d00ba6d0_2;answer_d00ba6d0_2;9e2c2a6c_2;9e2c2a6c_2,,2476.4
gpt4_f49edff3,wrong_retrieval,"First, I helped my friend prepare the nursery, then I helped my cousin pick out stuff for her baby shower, and lastly, I ordered a customized phone case for my friend's birthday.",I don't know.,answer_3e9fce53_1;answer_3e9fce53_2;answer_3e9fce53_3,answer_3e9fce53_3;answer_3e9fce53_2;answer_3e9fce53_2;answer_3e9fce53_2,,2419.1
71017276,wrong_retrieval,4,I don't know.,answer_0b4a8adc_1,answer_0b4a8adc_1;answer_0b4a8adc_1;answer_0b4a8adc_1;answer_0b4a8adc_1,,1931.1
b46e15ed,wrong_retrieval,2,I don't know.,answer_4bfcc250_4;answer_4bfcc250_3;answer_4bfcc250_2;answer_4bfcc250_1,answer_4bfcc250_1;answer_4bfcc250_1;answer_4bfcc250_3;sharegpt_KCGdZJP_0,,2268.6
gpt4_fa19884c,wrong_retrieval,6 days. 7 days (including the last day) is also acceptable.,I don't know.,answer_ff201786_1;answer_ff201786_2,answer_ff201786_2;answer_ff201786_2;answer_ff201786_1;answer_ff201786_1,,3079.8
0bc8ad92,wrong_retrieval,5,I don't know.,answer_f4ea84fb_3;answer_f4ea84fb_2;answer_f4ea84fb_1,ultrachat_349938;answer_f4ea84fb_3;answer_f4ea84fb_3;ultrachat_349938,,1898.4
af082822,missing_fact,2,I don't know.,answer_b51b6115_1,e132259f;e132259f;1fcb4134_2;1a920713_2,,2337.9
gpt4_4929293a,wrong_retrieval,Michael's engagement party,I don't know.,answer_add9b012_2;answer_add9b012_1,answer_add9b012_2;answer_add9b012_2;answer_add9b012_1;answer_add9b012_1,,2701.6
gpt4_b5700ca9,wrong_retrieval,4 days.,I don't know.,answer_a17423e7_1,answer_a17423e7_1;c81aa33c_2;47382adf_1;ultrachat_46958,,2277.1
9a707b81,wrong_retrieval,21 days. 22 days (including the last day) is also acceptable.,I don't know.,answer_dba89487_2;answer_dba89487_1,answer_dba89487_2;answer_dba89487_1;answer_dba89487_2;answer_dba89487_2,,2119.8
gpt4_1d4ab0c9,wrong_retrieval,24 days. 25 days (including the last day) is also acceptable.,I don't know.,answer_febde667_1;answer_febde667_2,answer_febde667_1;answer_febde667_1;answer_febde667_2;answer_febde667_2,,2614.8
gpt4_e072b769,wrong_retrieval,3 weeks ago,I don't know.,answer_c19bd2bf_1,answer_c19bd2bf_1;answer_c19bd2bf_1;answer_c19bd2bf_1;answer_c19bd2bf_1,,2147.1
0db4c65d,wrong_retrieval,18 days. 19 days (including the last day) is also acceptable.,I don't know.,answer_b9e32ff8_1;answer_b9e32ff8_2,answer_b9e32ff8_2;answer_b9e32ff8_2;answer_b9e32ff8_1;answer_b9e32ff8_1,,2497.9
gpt4_1d80365e,wrong_retrieval,2 days. 3 days (including the last day) is also acceptable.,I don't know.,answer_661b711f_1;answer_661b711f_2,answer_661b711f_1;answer_661b711f_1;answer_661b711f_2;answer_661b711f_1,,2498.4
gpt4_7f6b06db,wrong_retrieval,"I went on a day hike to Muir Woods National Monument with my family, then I went on a road trip with friends to Big Sur and Monterey, and finally I started my solo camping trip to Yosemite National Park.",I don't know.,answer_5d8c99d3_1;answer_5d8c99d3_2;answer_5d8c99d3_3,4bf66c38_2;answer_5d8c99d3_1;ultrachat_176513;ultrachat_139167,,2304.7
gpt4_6dc9b45b,wrong_retrieval,4 months ago,I don't know.,answer_c4df007f_1,answer_c4df007f_1;answer_c4df007f_1;answer_c4df007f_1;answer_c4df007f_1,,2376.5
gpt4_8279ba02,wrong_retrieval,10 days ago. 11 days (including the last day) is also acceptable.,I don't know.,answer_56521e65_1,answer_56521e65_1;86c5d31d;sharegpt_uh8yJR0_0;answer_56521e65_1,,2351.7
gpt4_18c2b244,wrong_retrieval,"First, I used a Buy One Get One Free coupon on Luvs diapers at Walmart. Then, I redeemed $12 cashback for a $10 Amazon gift card from Ibotta. Finally, I signed up for the rewards program at ShopRite.",I don't know.,answer_c862f65a_2;answer_c862f65a_3;answer_c862f65a_1,answer_c862f65a_3;answer_c862f65a_3;answer_c862f65a_3;answer_c862f65a_1,,2767.7
gpt4_a1b77f9c,wrong_retrieval,"2 weeks for 'The Nightingale', 4 weeks for 'Sapiens: A Brief History of Humankind', and 2 weeks for 'The Power', so a total of 8 weeks.",I don't know.,answer_e9ad5914_1;answer_e9ad5914_2;answer_e9ad5914_3;answer_e9ad5914_4;answer_e9ad5914_5;answer_e9ad5914_6,answer_e9ad5914_1;answer_e9ad5914_1;answer_e9ad5914_3;answer_e9ad5914_3,,2034.1
gpt4_1916e0ea,wrong_retrieval,54 days. 55 days (including the last day) is also acceptable.,I don't know.,answer_447052a5_2;answer_447052a5_1,answer_447052a5_2;dffa3157;answer_447052a5_1;b9890c15_2,,2439.2
gpt4_7a0daae1,wrong_retrieval,1 week,I don't know.,answer_4d5490f1_1;answer_4d5490f1_2,answer_4d5490f1_2;answer_4d5490f1_2;answer_4d5490f1_1;answer_4d5490f1_2,,2422.3
gpt4_468eb063,missing_fact,9 days ago. 10 days (including the last day) is also acceptable.,I don't know.,answer_9b09d95b_1,e60a93ff_2;e60a93ff_2;e60a93ff_2;sharegpt_m46gSO3_0,,8706.2
gpt4_7abb270c,wrong_retrieval,"Science Museum, Museum of Contemporary Art, Metropolitan Museum of Art, Museum of History, Modern Art Museum, Natural History Museum",I don't know.,answer_7093d898_1;answer_7093d898_2;answer_7093d898_3;answer_7093d898_4;answer_7093d898_5;answer_7093d898_6,answer_7093d898_5;answer_7093d898_5;answer_7093d898_6;answer_7093d898_5,,1830.3
gpt4_1e4a8aeb,wrong_retrieval,6 days. 7 days (including the last day) is also acceptable.,I don't know.,answer_16bd5ea5_1;answer_16bd5ea5_2,answer_16bd5ea5_2;answer_16bd5ea5_2;answer_16bd5ea5_2;sharegpt_D7qcNG1_23,,1959.6
gpt4_4fc4f797,wrong_retrieval,38 days. 39 days (including the last day) is also acceptable.,I don't know.,answer_be07688f_1;answer_be07688f_2,answer_be07688f_2;answer_be07688f_1;answer_be07688f_2;answer_be07688f_1,,2409.7
4dfccbf7,wrong_retrieval,24 days. 25 days (including the last day) is also acceptable.,I don't know.,answer_4bebc782_1;answer_4bebc782_2,answer_4bebc782_1;answer_4bebc782_1;answer_4bebc782_1;e1b7b676,,2406.9
gpt4_61e13b3c,wrong_retrieval,3 weeks,I don't know.,answer_e831a29f_1;answer_e831a29f_2,answer_e831a29f_1;answer_e831a29f_1;answer_e831a29f_1;answer_e831a29f_1,,2610.1
gpt4_45189cb4,wrong_retrieval,"First, I attended a NBA game at the Staples Center, then I watched the College Football National Championship game, and finally, I watched the NFL playoffs.",I don't know.,answer_e6c20e52_3;answer_e6c20e52_2;answer_e6c20e52_1,answer_e6c20e52_3;answer_e6c20e52_3;22452c22;dc3ee1d1_1,,2306.7
2ebe6c90,wrong_retrieval,21 days. 22 days (including the last day) is also acceptable.,I don't know.,answer_c9d35c00_1;answer_c9d35c00_2,answer_c9d35c00_2;answer_c9d35c00_2;sharegpt_jyMHY1J_31;sharegpt_jyMHY1J_31,,2536.8
gpt4_e061b84f,wrong_retrieval,"I first completed the Spring Sprint Triathlon, then took part in the Midsummer 5K Run, and finally participated in the company's annual charity soccer tournament.",I don't know.,answer_8c64ce25_2;answer_8c64ce25_1;answer_8c64ce25_3,ultrachat_194928;answer_8c64ce25_2;3275acf9;ultrachat_129606,,2283.0
370a8ff4,wrong_retrieval,15,I don't know.,answer_61d1be50_1;answer_61d1be50_2,answer_61d1be50_1;answer_61d1be50_1;answer_61d1be50_1;answer_61d1be50_2,,2259.3
gpt4_d6585ce8,wrong_retrieval,"The order of the concerts I attended is: 1. Billie Eilish concert at the Wells Fargo Center in Philly, 2. Free outdoor concert series in the park, 3. Music festival in Brooklyn, 4. Jazz night at a local bar, 5. Queen + Adam Lambert concert at the Prudential Center in Newark, NJ.",I don't know.,answer_f999b05b_1;answer_f999b05b_4;answer_f999b05b_2;answer_f999b05b_5;answer_f999b05b_3,answer_f999b05b_4;answer_f999b05b_2;answer_f999b05b_2;answer_f999b05b_3,,2447.2
gpt4_4ef30696,missing_fact,1 day. 2 days (including the last day) is also acceptable.,I don't know.,answer_f964cea3_1;answer_f964cea3_2,4067bede;4067bede;4b29957c_1;80b3f093,,2632.4
6e984301,wrong_retrieval,3,You have been taking sculpting classes for 6 weeks when you invested in your own set of sculpting tools.,answer_88841f26_1;answer_88841f26_2,answer_88841f26_2;answer_88841f26_1;answer_88841f26_1;answer_88841f26_2,,2518.8
8077ef71,wrong_retrieval,26 days. 27 days (including the last day) is also acceptable.,"You attended the networking event today, so it was 0 days ago.",answer_0dd54b7c_1,answer_0dd54b7c_1;answer_0dd54b7c_1;sharegpt_Wi7Op1u_39;f7ffddbc,,1680.2
gpt4_f420262c,wrong_retrieval,"JetBlue, Delta, United, American Airlines","You flew with American Airlines from LAX to JFK, and you are considering JetBlue for your flight from BOS to FLL. Therefore, the order of airlines you flew with from earliest to latest before today is: American Airlines, then JetBlue (planned).",answer_d8a1af6b_1;answer_d8a1af6b_2;answer_d8a1af6b_3;answer_d8a1af6b_4;answer_d8a1af6b_5,answer_d8a1af6b_5;answer_d8a1af6b_5;answer_d8a1af6b_4;answer_d8a1af6b_5,,4579.9
gpt4_8e165409,wrong_retrieval,14 days. 15 days (including the last day) is also acceptable.,I don't know.,answer_d97db962_1;answer_d97db962_2,answer_d97db962_1;answer_d97db962_2;answer_d97db962_1;ultrachat_572191,,1450.4
gpt4_74aed68e,wrong_retrieval,29 days. 30 days (including the last day) is also acceptable.,I don't know.,answer_aed8cf17_1;answer_aed8cf17_2,answer_aed8cf17_2;answer_aed8cf17_2;answer_aed8cf17_1;318048af_2,,2855.2
bcbe585f,wrong_retrieval,4,I don't know.,answer_43ba3965_1,answer_43ba3965_1;answer_43ba3965_1;answer_43ba3965_1;answer_43ba3965_1,,2353.1
gpt4_21adecb5,missing_fact,6 months,I don't know.,answer_1e2369c9_1;answer_1e2369c9_2,sharegpt_ipLglky_42;e1f37e24;e1f37e24;sharegpt_ipLglky_42,,2004.1
5e1b23de,missing_fact,3,I don't know.,answer_c18d480b_1,1a5344e9_3;1380576d_1;1380576d_1;1a5344e9_3,,2449.2
gpt4_98f46fc6,wrong_retrieval,I participated in the charity bake sale first.,I don't know.,answer_5850de18_2;answer_5850de18_1,answer_5850de18_1;answer_5850de18_2;answer_5850de18_1;answer_5850de18_2,,3224.6
gpt4_af6db32f,wrong_retrieval,17 days ago. 18 days (including the last day) is also acceptable.,I don't know.,answer_184c8f56_1,43b449ce;answer_184c8f56_1;answer_184c8f56_1;answer_184c8f56_1,,1679.1
eac54adc,wrong_retrieval,19 days ago. 20 days (including the last day) is also acceptable.,I don't know.,answer_0d4d0347_1;answer_0d4d0347_2,answer_0d4d0347_2;answer_0d4d0347_2;answer_0d4d0347_1;answer_0d4d0347_1,,2320.6
gpt4_7ddcf75f,wrong_retrieval,3 days ago. 4 days (including the last day) is also acceptable.,I don't know.,answer_ad8a76cb_1,answer_ad8a76cb_1;answer_ad8a76cb_1;8c652eb0_2;answer_ad8a76cb_1,,2337.1
gpt4_a2d1d1f6,wrong_retrieval,3 days ago. 4 days (including the last day) is also acceptable.,I don't know.,answer_f6d6e33f_1,answer_f6d6e33f_1;answer_f6d6e33f_1;answer_f6d6e33f_1;answer_f6d6e33f_1,,2398.8
gpt4_85da3956,wrong_retrieval,3 weeks ago,You attended the 'Summer Nights' festival at Universal Studios Hollywood three weeks ago.,answer_581ab834_1,answer_581ab834_1;answer_581ab834_1;answer_581ab834_1;answer_581ab834_1,,2661.2
gpt4_b0863698,wrong_retrieval,7 days ago. 8 days (including the last day) is also acceptable.,I don't know.,answer_550bb2d1_1,answer_550bb2d1_1;91e581ad_3;91e581ad_3;4a79d078_2,,2232.2
gpt4_68e94287,wrong_retrieval,You posted a recipe for vegan chili on Instagram using the hashtag #FoodieAdventures first.,I don't know.,answer_9793daa3_2;answer_9793daa3_1,answer_9793daa3_2;answer_9793daa3_2;74bcc8f4_1;sharegpt_ge7Hvlu_0,,2238.9
gpt4_e414231e,wrong_retrieval,4 days. 5 days (including the last day) is also acceptable.,I don't know.,answer_e28c1f0d_1;answer_e28c1f0d_2,answer_e28c1f0d_2;answer_e28c1f0d_2;answer_e28c1f0d_2;answer_e28c1f0d_1,,8236.9
gpt4_7ca326fa,wrong_retrieval,"Emma graduated first, followed by Rachel and then Alex.",I don't know.,answer_cf021b36_1;answer_cf021b36_2;answer_cf021b36_3,answer_cf021b36_1;answer_cf021b36_1;answer_cf021b36_1;answer_cf021b36_1,,1545.3
gpt4_7bc6cf22,wrong_retrieval,12 days ago. 13 days (including the last day) is also acceptable.,I don't know.,answer_e22d6aef_1,answer_e22d6aef_1;answer_e22d6aef_1;answer_e22d6aef_1;ultrachat_465755,,2313.3
2ebe6c92,wrong_retrieval,'The Nightingale' by Kristin Hannah,I don't know.,answer_c9d35c00_1;answer_c9d35c00_2,answer_c9d35c00_2;9d4312f6_3;answer_c9d35c00_2;1ba79ea8_1,,2596.9
gpt4_e061b84g,missing_fact,The company's annual charity soccer tournament.,I don't know.,answer_8c64ce26_2;answer_8c64ce26_1;answer_8c64ce26_3,sharegpt_i33zh1e_15;3929e6cc_1;sharegpt_cUXo8S0_0;9dac9e37_1,,2782.7
71017277,wrong_retrieval,my aunt,I don't know.,answer_0b4a8adc_1,ultrachat_557308;ultrachat_557308;answer_0b4a8adc_1;answer_0b4a8adc_1,,1928.2
b46e15ee,wrong_retrieval,the 'Walk for Hunger' charity event,I don't know.,answer_4bfcc251_4;answer_4bfcc251_3;answer_4bfcc251_2;answer_4bfcc251_1,answer_4bfcc251_1;answer_4bfcc251_1;sharegpt_RhSlNyz_0;sharegpt_RhSlNyz_0,,5251.3
gpt4_d6585ce9,wrong_retrieval,my parents,I don't know.,answer_f999b05c_1;answer_f999b05c_4;answer_f999b05c_2;answer_f999b05c_5;answer_f999b05c_3,answer_f999b05c_4;answer_f999b05c_2;answer_f999b05c_2;answer_f999b05c_2,,3623.5
gpt4_1e4a8aec,wrong_retrieval,planting 12 new tomato saplings,I don't know.,answer_16bd5ea6_1;answer_16bd5ea6_2,answer_16bd5ea6_1;answer_16bd5ea6_1;1c662b7b_1;9f1f3bf4,,1703.5
gpt4_f420262d,wrong_retrieval,American Airlines,I don't know.,answer_d8a1af6c_1;answer_d8a1af6c_2;answer_d8a1af6c_5;answer_d8a1af6c_4;answer_d8a1af6c_3,answer_d8a1af6c_4;answer_d8a1af6c_5;answer_d8a1af6c_5;answer_d8a1af6c_1,,2294.3
gpt4_59149c78,missing_fact,The Metropolitan Museum of Art.,I don't know.,answer_d00ba6d1_1;answer_d00ba6d1_2,23754665;23754665;23754665;23754665,,2716.8
gpt4_e414231f,wrong_retrieval,road bike,You fixed the flat tire on your mountain bike.,answer_e28c1f0e_1;answer_e28c1f0e_2,answer_e28c1f0e_2;answer_e28c1f0e_1;answer_e28c1f0e_1;answer_e28c1f0e_1,,2701.2
gpt4_4929293b,missing_fact,my cousin's wedding,You participated in your niece's kindergarten graduation celebration.,answer_add9b013_2;answer_add9b013_1,4090cbea;4090cbea;7fa98614_1;4090cbea,,1759.1
gpt4_468eb064,missing_fact,Emma,I don't know.,answer_9b09d95b_1,sharegpt_C2Qfdn8_0;sharegpt_C2Qfdn8_0;25e5b797_1;1e5bd28d_2,,2258.8
gpt4_fa19884d,wrong_retrieval,a bluegrass band that features a banjo player,I don't know.,answer_ff201787_1;answer_ff201787_2,5f9dd782;answer_ff201787_2;answer_ff201787_1;answer_ff201787_2,,2454.5
9a707b82,wrong_retrieval,a chocolate cake,I don't know.,answer_dba89488_2;answer_dba89488_1,68d35085_1;68d35085_1;7a4d00b3_2;answer_dba89488_2,,15610.9
eac54add,missing_fact,I signed a contract with my first client.,I don't know.,answer_0d4d0348_1;answer_0d4d0348_2,ultrachat_91693;sharegpt_5YtukCb_0;ultrachat_133409;ultrachat_134291,,1510.4
4dfccbf8,missing_fact,I started taking ukulele lessons with Rachel.,I don't know.,answer_4bebc783_1;answer_4bebc783_2,sharegpt_oXgiN7q_131;edd89480_1;sharegpt_7EAenKv_0;87317e05_1,,3101.9
0bc8ad93,wrong_retrieval,"No, you did not visit with a friend.","Yes, you visited the museum with a friend, who is a chemistry professor.",answer_f4ea84fc_3;answer_f4ea84fc_2;answer_f4ea84fc_1,answer_f4ea84fc_3;answer_f4ea84fc_3;answer_f4ea84fc_3;answer_f4ea84fc_3,,1843.1
6e984302,wrong_retrieval,I got my own set of sculpting tools.,I don't know.,answer_88841f27_1;answer_88841f27_2,96c743d0_2;b7702ee4_1;7285299a_8;answer_88841f27_1,,2400.6
gpt4_8279ba03,missing_fact,a smoker,I don't know.,answer_56521e66_1,49b78a55_1;bb107057_2;50d66391_4;bb107057_2,,2235.6
gpt4_68e94288,missing_fact,You participated in a social media challenge called #PlankChallenge.,I don't know.,answer_9793daa4_2;answer_9793daa4_1,c99dcd81;ultrachat_396489;c99dcd81;c99dcd81,,4067.0
gpt4_2655b836,wrong_retrieval,GPS system not functioning correctly,The first issue you had with your new car after its first service was with the GPS system.,answer_4be1b6b4_1;answer_4be1b6b4_2;answer_4be1b6b4_3,answer_4be1b6b4_3;answer_4be1b6b4_2;answer_4be1b6b4_2;answer_4be1b6b4_3,,1806.4
gpt4_2487a7cb,wrong_retrieval,'Data Analysis using Python' webinar,I don't know.,answer_1c6b85ea_2;answer_1c6b85ea_1,answer_1c6b85ea_2;answer_1c6b85ea_1;answer_1c6b85ea_2;answer_1c6b85ea_2,,2358.6
gpt4_76048e76,wrong_retrieval,bike,I don't know.,answer_b535969f_1;answer_b535969f_2,answer_b535969f_2;answer_b535969f_2;answer_b535969f_2;answer_b535969f_2,,2340.7
0bb5a684,wrong_retrieval,7 days. 8 days (including the last day) is also acceptable.,"You attended the workshop on January 10th, and the team meeting is on January 17th. That is 7 days before the team meeting.",answer_e936197f_1;answer_e936197f_2,answer_e936197f_1;answer_e936197f_1;answer_e936197f_2;answer_e936197f_1,,2595.0
08f4fc43,wrong_retrieval,30 days. 31 days (including the last day) is also acceptable.,I don't know.,answer_6ea1541e_2;answer_6ea1541e_1,answer_6ea1541e_2;answer_6ea1541e_2;58d11d0c_2;ultrachat_292416,,1855.9
2c63a862,wrong_retrieval,14 days. 15 days (including the last day) is also acceptable.,I don't know.,answer_d39b7977_1;answer_d39b7977_2,answer_d39b7977_1;answer_d39b7977_1;answer_d39b7977_1;answer_d39b7977_1,,2493.8
gpt4_385a5000,wrong_retrieval,Tomatoes,I don't know.,answer_7a4a93f1_2;answer_7a4a93f1_1,answer_7a4a93f1_2;answer_7a4a93f1_2;answer_7a4a93f1_2;answer_7a4a93f1_2,,2158.6
2a1811e2,wrong_retrieval,21 days. 22 days (including the last day) is also acceptable.,I don't know.,answer_1cc3cd0c_1;answer_1cc3cd0c_2,answer_1cc3cd0c_1;answer_1cc3cd0c_1;answer_1cc3cd0c_1;answer_1cc3cd0c_1,,2396.3
bbf86515,wrong_retrieval,4 days.,I don't know.,answer_b3763b6b_1;answer_b3763b6b_2,answer_b3763b6b_1;answer_b3763b6b_2;answer_b3763b6b_1;75b98d2a_1,,2528.1
gpt4_0b2f1d21,wrong_retrieval,The malfunction of the stand mixer,The purchase of the coffee maker happened first.,answer_c4e5d969_2;answer_c4e5d969_1,answer_c4e5d969_1;answer_c4e5d969_1;answer_c4e5d969_2;answer_c4e5d969_2,,4614.7
f0853d11,wrong_retrieval,14 days. 8 days (including the last day) is also acceptable.,14 days had passed between the 'Walk for Hunger' event on February 21st and the 'Coastal Cleanup' event on March 7th.,answer_932ea3bf_2;answer_932ea3bf_1,answer_932ea3bf_1;answer_932ea3bf_1;answer_932ea3bf_1;answer_932ea3bf_2,,2242.8
gpt4_6ed717ea,wrong_retrieval,Training pads for Luna,I don't know.,answer_d50a8a33_1;answer_d50a8a33_2,answer_d50a8a33_2;answer_d50a8a33_2;answer_d50a8a33_1;answer_d50a8a33_1,,1571.6
a3838d2b,wrong_retrieval,4,"You participated in one charity event before the ""Run for the Cure"" event, which was the ""Dance for a Cause"" event on May 1st.",answer_4ffa04a2_1;answer_4ffa04a2_6;answer_4ffa04a2_4;answer_4ffa04a2_3;answer_4ffa04a2_5;answer_4ffa04a2_2,answer_4ffa04a2_1;answer_4ffa04a2_1;answer_4ffa04a2_1;answer_4ffa04a2_6,,2649.0
gpt4_93159ced,wrong_retrieval,4 years and 9 months,I don't know.,answer_e5131a1b_2;answer_e5131a1b_1,answer_e5131a1b_2;answer_e5131a1b_2;460be54a;460be54a,,2430.6
gpt4_2d58bcd6,wrong_retrieval,'The Hate U Give',"You finished reading ""The Nightingale"" last weekend, and you mentioned finishing ""The Hate U Give"" two weeks ago. Therefore, you finished ""The Hate U Give"" first.",answer_3e11e0ae_1;answer_3e11e0ae_2,answer_3e11e0ae_1;answer_3e11e0ae_1;answer_3e11e0ae_2;1b205d70_1,,2555.7
gpt4_65aabe59,wrong_retrieval,Smart thermostat,I don't know.,answer_30dfe889_1;answer_30dfe889_2,answer_30dfe889_1;answer_30dfe889_1;answer_30dfe889_1;answer_30dfe889_2,,1865.9
982b5123,wrong_retrieval,Five months ago,I don't know.,answer_ab603dd5_1;answer_ab603dd5_2,answer_ab603dd5_1;answer_ab603dd5_1;answer_ab603dd5_1;answer_ab603dd5_1,,2612.4
b9cfe692,wrong_retrieval,5.5 weeks,"You took two and a half weeks to finish ""The Seven Husbands of Evelyn Hugo"" and approximately 5-6 weeks to finish ""The Nightingale."" Combined, that would be about 8-8.5 weeks.",answer_5e3bb940_3;answer_5e3bb940_2;answer_5e3bb940_1,answer_5e3bb940_2;answer_5e3bb940_3;answer_5e3bb940_3;answer_5e3bb940_2,,2811.5
gpt4_4edbafa2,wrong_retrieval,June 3rd,The date on which you attended the first BBQ event in June was the 10th of June.,answer_0a00c163_1;answer_0a00c163_2,answer_0a00c163_2;answer_0a00c163_2;answer_0a00c163_1;answer_0a00c163_1,,2041.1
c8090214,wrong_retrieval,7 days. 8 days (including the last day) is also acceptable.,I don't know.,answer_70dc7d08_2;answer_70dc7d08_1,answer_70dc7d08_2;answer_70dc7d08_2;162ad3bf_1;answer_70dc7d08_2,,2516.7
gpt4_483dd43c,wrong_retrieval,'Game of Thrones',"You started watching ""Game of Thrones"" first.",answer_fb793c87_1;answer_fb793c87_2,answer_fb793c87_1;answer_fb793c87_1;answer_fb793c87_2;answer_fb793c87_1,,2182.1
e4e14d04,wrong_retrieval,Two weeks,I don't know.,answer_cf425855_1;answer_cf425855_2,answer_cf425855_1;answer_cf425855_1;answer_cf425855_2;answer_cf425855_1,,2265.9
c9f37c46,wrong_retrieval,2 months,I don't know.,answer_cdba3d9f_1;answer_cdba3d9f_2,answer_cdba3d9f_1;answer_cdba3d9f_1;answer_cdba3d9f_1;answer_cdba3d9f_1,,2437.1
dcfa8644,wrong_retrieval,14 days. 15 days (including the last day) is also acceptable.,I don't know.,answer_5e3eeb12_2;answer_5e3eeb12_1,answer_5e3eeb12_1;answer_5e3eeb12_2;answer_5e3eeb12_2;answer_5e3eeb12_1,,1669.0
gpt4_b4a80587,wrong_retrieval,The arrival of the new prime lens,I don't know.,answer_b9d9150e_2;answer_b9d9150e_1,answer_b9d9150e_2;answer_b9d9150e_2;answer_b9d9150e_2;answer_b9d9150e_1,,2481.9
gpt4_9a159967,wrong_retrieval,United Airlines,You flew with Southwest Airlines the most in March. I don't have information about your flights in April.,answer_8a42fedf_1;answer_8a42fedf_3;answer_8a42fedf_2,answer_8a42fedf_3;answer_8a42fedf_2;answer_8a42fedf_1;answer_8a42fedf_3,,3982.0
cc6d1ec1,wrong_retrieval,Two months,I don't know.,answer_be73098b_2;answer_be73098b_1,answer_be73098b_2;answer_be73098b_2;answer_be73098b_2;answer_be73098b_2,,1641.8
gpt4_8c8961ae,wrong_retrieval,The solo trip to Thailand,I don't know.,answer_72d9aa58_1;answer_72d9aa58_2,answer_72d9aa58_1;answer_72d9aa58_2;answer_72d9aa58_1;answer_72d9aa58_1,,2214.8
d01c6aa8,wrong_retrieval,27,I don't know.,answer_991d55e5_1;answer_991d55e5_2,answer_991d55e5_1;answer_991d55e5_1;answer_991d55e5_1;answer_991d55e5_2,,2406.2
993da5e2,wrong_retrieval,One week. Answers ranging from 7 days to 10 days are also acceptable.,I don't know.,answer_54f0d6f9_1;answer_54f0d6f9_2,answer_54f0d6f9_2;bcf96d28_3;answer_54f0d6f9_2;ultrachat_217815,,1845.1
a3045048,wrong_retrieval,7 days. 8 days (including the last day) is also acceptable.,I don't know.,answer_016f6bd4_2;answer_016f6bd4_1,aaf71ce2_2;aaf71ce2_2;aaf71ce2_2;answer_016f6bd4_2,,3528.6
gpt4_d31cdae3,missing_fact,The family road trip across the American Southwest,I don't know.,answer_8464304d_1;answer_8464304d_2,ultrachat_324099;ultrachat_324099;ultrachat_324099;ultrachat_324099,,1512.6
gpt4_cd90e484,wrong_retrieval,Two weeks,I don't know.,answer_aa930b56_1;answer_aa930b56_2,answer_aa930b56_1;answer_aa930b56_1;answer_aa930b56_2;answer_aa930b56_2,,2454.0
gpt4_88806d6e,wrong_retrieval,Tom,I don't know.,answer_e60a93ff_1;answer_e60a93ff_2,answer_e60a93ff_1;answer_e60a93ff_1;answer_e60a93ff_1;answer_e60a93ff_1,,2281.0
gpt4_4cd9eba1,wrong_retrieval,one week,You were accepted into the exchange program on March 20th and started attending the pre-departure orientation sessions on March 27th. This means you have been accepted for 1 week when you started attending the sessions.,answer_5fcca8bc_2;answer_5fcca8bc_1,answer_5fcca8bc_1;answer_5fcca8bc_1;answer_5fcca8bc_1;answer_5fcca8bc_2,,3218.5
gpt4_93f6379c,wrong_retrieval,Page Turners,"You joined the ""Marketing Professionals"" group first.",answer_544fe66c_2;answer_544fe66c_1;answer_544fe66c_3,answer_544fe66c_2;answer_544fe66c_3;answer_544fe66c_3;1b9b2960_3,,1982.5
b29f3365,wrong_retrieval,Four weeks,I don't know.,answer_436d4309_2;answer_436d4309_1,answer_436d4309_2;answer_436d4309_2;answer_436d4309_2;answer_436d4309_1,,2159.7
gpt4_2f56ae70,wrong_retrieval,Disney+,I don't know.,answer_7a36e820_2;answer_7a36e820_3;answer_7a36e820_1,answer_7a36e820_1;answer_7a36e820_2;answer_7a36e820_2;answer_7a36e820_2,,2208.3
gpt4_78cf46a3,wrong_retrieval,Receiving the new phone case,I don't know.,answer_5a78688d_1;answer_5a78688d_2,answer_5a78688d_2;sharegpt_rx39ipj_0;answer_5a78688d_2;answer_5a78688d_2,,1360.2
gpt4_0a05b494,wrong_retrieval,the woman selling jam at the farmer's market,I don't know.,answer_a68db5db_2;answer_a68db5db_1,answer_a68db5db_2;answer_a68db5db_2;answer_a68db5db_2;answer_a68db5db_2,,2459.1
gpt4_1a1dc16d,wrong_retrieval,The meeting with Rachel,I don't know.,answer_faad7d7a_2;answer_faad7d7a_1,answer_faad7d7a_2;answer_faad7d7a_2;ultrachat_191216;ultrachat_191216,,2771.9
gpt4_2f584639,wrong_retrieval,the photo album for my mom,I don't know.,answer_11a8f823_2;answer_11a8f823_1,answer_11a8f823_2;answer_11a8f823_1;answer_11a8f823_2;answer_11a8f823_1,,2025.6
gpt4_213fd887,wrong_retrieval,volleyball league,You participated in the charity 5K run to raise money for a local children's hospital first.,answer_53582e7e_2;answer_53582e7e_1,answer_53582e7e_2;answer_53582e7e_2;answer_53582e7e_2;answer_53582e7e_2,,4114.5
gpt4_5438fa52,wrong_retrieval,Spanish classes,I don't know.,answer_b10f3828_1;answer_b10f3828_2,answer_b10f3828_1;b4f07fef_2;b4f07fef_2;a8e24e22,,2252.8
gpt4_c27434e8,wrong_retrieval,Japanese Zero fighter plane model,I don't know.,answer_d8e33f5c_1;answer_d8e33f5c_2,answer_d8e33f5c_2;answer_d8e33f5c_2;answer_d8e33f5c_2;answer_d8e33f5c_2,,1836.5
gpt4_fe651585,wrong_retrieval,Alex,I don't know.,answer_65600ff6_2;answer_65600ff6_1,answer_65600ff6_2;answer_65600ff6_1;answer_65600ff6_1;answer_65600ff6_2,,2256.2
8c18457d,wrong_retrieval,7 days. 8 days (including the last day) is also acceptable.,I don't know.,answer_124f5dc3_2;answer_124f5dc3_1,answer_124f5dc3_1;98cd882c_2;answer_124f5dc3_1;answer_124f5dc3_2,,2314.8
gpt4_70e84552_abs,wrong_retrieval,The information provided is not enough. You mentioned fixing the fence but did not mention purchasing cows from Peter.,I don't know.,answer_b3070ec4_abs_2;answer_b3070ec4_abs_1,answer_b3070ec4_abs_1;answer_b3070ec4_abs_2;answer_b3070ec4_abs_1;answer_b3070ec4_abs_1,,2741.6
gpt4_93159ced_abs,wrong_retrieval,"The information provided is not enough. From the information provided, You haven't started working at Google yet.",I don't know.,answer_e5131a1b_abs_1;answer_e5131a1b_abs_2,answer_e5131a1b_abs_2;f5eb52d6;2f097fba_1;ultrachat_105960,,2095.7
982b5123_abs,wrong_retrieval,The information provided is not enough. You only mentioned booking Airbnb in San Francisco.,I don't know.,answer_ab603dd5_abs_1;answer_ab603dd5_abs_2,answer_ab603dd5_abs_1;answer_ab603dd5_abs_1;answer_ab603dd5_abs_1;answer_ab603dd5_abs_1,,2573.6
c8090214_abs,missing_fact,"The information provided is not enough. You mentioned getting the iPhone 13 Pro and attending the market, but you did not mention buying an iPad.",I don't know.,answer_70dc7d08_abs_1;answer_70dc7d08_abs_2,64c71782;d4f02577_2;64c71782;64c71782,,3345.7
gpt4_c27434e8_abs,wrong_retrieval,The information provided is not enough. You did not mention starting the Porsche 991 Turbo S model.,I don't know.,answer_d8e33f5c_abs_1;answer_d8e33f5c_abs_2,answer_d8e33f5c_abs_1;answer_d8e33f5c_abs_1;answer_d8e33f5c_abs_1;answer_d8e33f5c_abs_1,,1821.6
gpt4_fe651585_abs,wrong_retrieval,"The information provided is not enough. You mentioned Alex becoming a parent in January, but you didn't mention anything about Tom.",I don't know.,answer_65600ff6_abs_1;answer_65600ff6_abs_2,answer_65600ff6_abs_2;answer_65600ff6_abs_2;answer_65600ff6_abs_2;answer_65600ff6_abs_2,,2018.7
6a1eabeb,wrong_retrieval,25 minutes and 50 seconds (or 25:50),Your personal best time in the charity 5K run was 25:50.,answer_a25d4a91_1;answer_a25d4a91_2,answer_a25d4a91_2;answer_a25d4a91_1;answer_a25d4a91_2;answer_a25d4a91_2,,2719.7
830ce83f,wrong_retrieval,the suburbs,I don't know.,answer_0b1a0942_1;answer_0b1a0942_2,answer_0b1a0942_1;answer_0b1a0942_1;answer_0b1a0942_1;answer_0b1a0942_1,,2297.6
852ce960,wrong_retrieval,"$400,000","You were pre-approved for $350,000.",answer_3a6f1e82_1;answer_3a6f1e82_2,answer_3a6f1e82_1;answer_3a6f1e82_1;answer_3a6f1e82_1;answer_3a6f1e82_1,,2575.8
945e3d21,wrong_retrieval,Three times a week.,You attend yoga classes twice a week to help with your anxiety.,answer_6a4f8626_1;answer_6a4f8626_2,answer_6a4f8626_1;answer_6a4f8626_1;answer_6a4f8626_1;answer_6a4f8626_2,,2402.5
d7c942c3,wrong_retrieval,Yes.,"Yes, your mom is using the same grocery list app as you, so you can easily share lists and keep track of what you need.",answer_eecb10d9_1;answer_eecb10d9_2,answer_eecb10d9_2;answer_eecb10d9_2;b2243528_1;b2243528_1,,2504.5
89941a93,wrong_retrieval,4,You currently own three bikes.,answer_e1403127_1;answer_e1403127_2,answer_e1403127_1;answer_e1403127_1;answer_e1403127_2;answer_e1403127_2,,2446.8
07741c44,wrong_retrieval,under my bed,I don't know.,answer_7e9ad7b4_1;answer_7e9ad7b4_2,answer_7e9ad7b4_2;answer_7e9ad7b4_1;answer_7e9ad7b4_2;answer_7e9ad7b4_2,,2246.4
a1eacc2a,wrong_retrieval,seven,You have written four short stories since you started writing regularly.,answer_0eb23770_1;answer_0eb23770_2,answer_0eb23770_2;answer_0eb23770_1;521255f7_2;answer_0eb23770_2,,2768.6
184da446,missing_fact,220,I don't know.,answer_e2f4f947_1;answer_e2f4f947_2,bf633415_2;bf633415_2;bf633415_2;bf633415_2,,2252.4
031748ae,wrong_retrieval,"When you just started your new role as Senior Software Engineer, you led 4 engineers. Now, you lead 5 engineers",You lead a team of 4 engineers in your new role as Senior Software Engineer.,answer_8748f791_1;answer_8748f791_2,answer_8748f791_1;answer_8748f791_1;answer_8748f791_1;answer_8748f791_2,,2211.9
0f05491a,wrong_retrieval,120,You need 125 stars to reach the gold level on your Starbucks Rewards app.,answer_d6d2eba8_1;answer_d6d2eba8_2,answer_d6d2eba8_1;answer_d6d2eba8_1;answer_d6d2eba8_2;answer_d6d2eba8_1,,2551.1
f9e8c073,wrong_retrieval,five,I don't know.,answer_b191df5b_1;answer_b191df5b_2,answer_b191df5b_1;answer_b191df5b_2;answer_b191df5b_2;answer_b191df5b_2,,1996.9
2698e78f,wrong_retrieval,every week,I don't know.,answer_9282283d_1;answer_9282283d_2,ultrachat_455955;answer_9282283d_2;ultrachat_455955;ultrachat_455955,,4731.9
45dc21b6,wrong_retrieval,3,You have tried out two of Emma's recipes.,answer_07664d43_1;answer_07664d43_2,answer_07664d43_1;answer_07664d43_1;8acb29f9_1;8acb29f9_1,,2097.8
5a4f22c0,wrong_retrieval,TechCorp,"Rachel is currently working at ""Old Company.""",answer_b0f3dfff_1;answer_b0f3dfff_2,answer_b0f3dfff_1;answer_b0f3dfff_1;answer_b0f3dfff_1;answer_b0f3dfff_1,,2160.2
6071bd76,wrong_retrieval,You switched to less water (5 ounces) per tablespoon of coffee.,"You switched to more water per tablespoon of coffee, as you are using 1 tablespoon of coffee for every 6 ounces of water.",answer_4dac77cb_1;answer_4dac77cb_2,answer_4dac77cb_1;answer_4dac77cb_2;answer_4dac77cb_1;answer_4dac77cb_1,,2679.8
e493bb7c,wrong_retrieval,in my bedroom,The painting 'Ethereal Dreams' by Emma Taylor is currently hanging above the bed in the bedroom.,answer_1a374afa_1;answer_1a374afa_2,answer_1a374afa_2;answer_1a374afa_2;answer_1a374afa_2;answer_1a374afa_2,,2458.3
618f13b2,wrong_retrieval,six,You have worn your new black Converse Chuck Taylor All Star sneakers four times.,answer_caf5b52e_1;answer_caf5b52e_2,answer_caf5b52e_1;answer_caf5b52e_1;answer_caf5b52e_1;answer_caf5b52e_1,,2403.9
c4ea545c,wrong_retrieval,Yes,I don't know.,answer_d3bf812b_1;answer_d3bf812b_2,answer_d3bf812b_1;a1f43f8d_2;answer_d3bf812b_1;answer_d3bf812b_1,,2390.6
01493427,wrong_retrieval,25,You have added 17 new postcards to your collection since you started collecting again.,answer_a7b44747_1;answer_a7b44747_2,answer_a7b44747_1;answer_a7b44747_1;answer_a7b44747_1;answer_a7b44747_1,,2418.3
2133c1b5,wrong_retrieval,3 months,You have been living in your current apartment in Harajuku for a month.,answer_52382508_1;answer_52382508_2,answer_52382508_1;answer_52382508_1;8ca0085a_1;answer_52382508_2,,2420.7
db467c8c,wrong_retrieval,nine months,Your parents have been staying with you in the US for the past six months.,answer_611b6e83_1;answer_611b6e83_2,answer_611b6e83_1;answer_611b6e83_1;answer_611b6e83_2;answer_611b6e83_2,,2458.1
e61a7584,wrong_retrieval,9 months,"You have had your cat, Luna, for about 6 months.",answer_f25c32f5_1;answer_f25c32f5_2,answer_f25c32f5_1;answer_f25c32f5_1;answer_f25c32f5_2;answer_f25c32f5_1,,2840.3
8fb83627,wrong_retrieval,Five,You have finished reading 3 issues of National Geographic.,answer_966cecbb_1;answer_966cecbb_2,answer_966cecbb_1;answer_966cecbb_1;answer_966cecbb_1;answer_966cecbb_1,,2405.4
b01defab,wrong_retrieval,Yes,I don't know.,answer_8c0712af_1;answer_8c0712af_2,answer_8c0712af_2;answer_8c0712af_2;answer_8c0712af_1;answer_8c0712af_1,,2477.4
22d2cb42,wrong_retrieval,The music shop on Main St.,"You got your guitar serviced at a music shop on Main St, which you remember as ""Rhythm Central.""",answer_bcce0b73_1;answer_bcce0b73_2,answer_bcce0b73_1;answer_bcce0b73_1;answer_bcce0b73_1;answer_bcce0b73_2,,2556.1
0e4e4c46,wrong_retrieval,132 points,Your current highest score in Ticket to Ride is 124 points.,answer_f2f998c7_1;answer_f2f998c7_2,answer_f2f998c7_1;answer_f2f998c7_2;answer_f2f998c7_1;answer_f2f998c7_1,,1976.7
7e974930,wrong_retrieval,$420,You earned $350 at the Downtown Farmers Market on your most recent visit.,answer_c9f5693c_1;answer_c9f5693c_2,answer_c9f5693c_1;answer_c9f5693c_1;answer_c9f5693c_1;answer_c9f5693c_2,,2357.0
eace081b,wrong_retrieval,Oahu,I don't know.,answer_8a791264_1;answer_8a791264_2,answer_8a791264_2;answer_8a791264_2;answer_8a791264_2;answer_8a791264_2,,2152.7
affe2881,wrong_retrieval,32,You have seen 27 different species of birds in your local park.,answer_90de9b4d_1;answer_90de9b4d_2,answer_90de9b4d_1;answer_90de9b4d_1;answer_90de9b4d_1;answer_90de9b4d_1,,2641.8
50635ada,wrong_retrieval,Premier Silver,I don't know.,answer_dcd74827_1;answer_dcd74827_2,answer_dcd74827_1;answer_dcd74827_1;answer_dcd74827_1;answer_dcd74827_1,,2411.1
e66b632c,wrong_retrieval,27 minutes and 45 seconds,Your previous personal best time for the charity 5K run was 26 minutes and 30 seconds.,answer_ac0140ce_1;answer_ac0140ce_2,answer_ac0140ce_2;answer_ac0140ce_2;answer_ac0140ce_2;answer_ac0140ce_2,,2409.7
0ddfec37,wrong_retrieval,15,I don't know.,answer_a22b654d_1;answer_a22b654d_2,answer_a22b654d_2;answer_a22b654d_2;answer_a22b654d_2;answer_a22b654d_2,,2316.6
69fee5aa,wrong_retrieval,38,You have a total of 37 pre-1920 American coins in your collection.,answer_d6028d6e_1;answer_d6028d6e_2,answer_d6028d6e_1;answer_d6028d6e_1;answer_d6028d6e_2;answer_d6028d6e_1,,2619.6
7401057b,wrong_retrieval,Two,I don't know.,answer_94650bfa_1;answer_94650bfa_2,answer_94650bfa_1;answer_94650bfa_1;answer_94650bfa_1;answer_94650bfa_1,,2201.2
a2f3aa27,wrong_retrieval,1300,You have 1250 followers on Instagram now.,answer_5126c02d_1;answer_5126c02d_2,answer_5126c02d_1;answer_5126c02d_2;answer_5126c02d_1;answer_5126c02d_1,,2339.8
c7dc5443,wrong_retrieval,5-2,Your current record in the recreational volleyball league is 3-2.,answer_0cdbca92_1;answer_0cdbca92_2,answer_0cdbca92_2;answer_0cdbca92_1;answer_0cdbca92_2;answer_0cdbca92_2,,2259.2
3ba21379,wrong_retrieval,Ford F-150 pickup truck,You are currently working on a Ford Mustang Shelby GT350R model.,answer_cd345582_1;answer_cd345582_2,answer_cd345582_1;answer_cd345582_1;answer_cd345582_1;answer_cd345582_1,,2841.1
9bbe84a2,wrong_retrieval,level 100,I don't know.,answer_c6a0c6c2_1;answer_c6a0c6c2_2,answer_c6a0c6c2_2;answer_c6a0c6c2_2;answer_c6a0c6c2_2;answer_c6a0c6c2_2,,1856.8
10e09553,wrong_retrieval,7,I don't know.,answer_67be2c38_1;answer_67be2c38_2,answer_67be2c38_2;answer_67be2c38_2;answer_67be2c38_2;answer_67be2c38_2,,2300.1
ba61f0b9,wrong_retrieval,6,There are 5 women on the team led by Rachel.,answer_f377cda7_1;answer_f377cda7_2,answer_f377cda7_1;answer_f377cda7_1;answer_f377cda7_1;answer_f377cda7_1,,2142.1
5c40ec5b,wrong_retrieval,We've met up twice.,You have met up with Alex from Germany twice before.,answer_1cb52d0a_1;answer_1cb52d0a_2,answer_1cb52d0a_1;answer_1cb52d0a_2;answer_1cb52d0a_1;answer_1cb52d0a_1,,2538.0
c6853660,wrong_retrieval,You increased the limit (from one cup to two cups),"You mostly recently decreased the limit on the number of cups of coffee in the morning, as you mentioned switching to just one cup.",answer_626e93c4_1;answer_626e93c4_2,answer_626e93c4_2;answer_626e93c4_1;answer_626e93c4_1;6ed1c85e,,2768.3
0977f2af,wrong_retrieval,Instant Pot,I don't know.,answer_3bf5b73b_1;answer_3bf5b73b_2,answer_3bf5b73b_2;ultrachat_62319;e0bfe67a_2;e0bfe67a_2,,3118.5
6aeb4375_abs,wrong_retrieval,The information provided is not enough. You mentioned trying Korean restaurants but not Italian restaurants.,I don't know.,answer_3f9693b7_abs_1;answer_3f9693b7_abs_2,a5286353_1;a5286353_1;answer_3f9693b7_abs_1;ultrachat_181672,,1496.0
031748ae_abs,wrong_retrieval,The information provided is not enough. You mentioned starting the role as Senior Software Engineer but not Software Engineer Manager.,I don't know.,answer_8748f791_abs_1;answer_8748f791_abs_2,answer_8748f791_abs_1;answer_8748f791_abs_1;answer_8748f791_abs_1;answer_8748f791_abs_2,,3721.6
2698e78f_abs,wrong_retrieval,The information provided is not enough. You mentioned seeing Dr. Smith but not Dr. Johnson.,I don't know.,answer_9282283d_abs_1;answer_9282283d_abs_2,cdba3d9f_1;answer_9282283d_abs_2;9be88155;answer_9282283d_abs_2,,1496.1
2133c1b5_abs,wrong_retrieval,The information provided is not enough. You mentioned living in Harajuku but not Shinjuku.,I don't know.,answer_52382508_abs_1;answer_52382508_abs_2,answer_52382508_abs_1;answer_52382508_abs_1;answer_52382508_abs_2;answer_52382508_abs_1,,2251.5
0ddfec37_abs,wrong_retrieval,The information provided is not enough. You mentioned collecting autographed baseball but not football.,I don't know.,answer_a22b654d_abs_1;answer_a22b654d_abs_2,answer_a22b654d_abs_2;answer_a22b654d_abs_2;answer_a22b654d_abs_2;answer_a22b654d_abs_2,,2713.9
f685340e_abs,wrong_retrieval,The information provided is not enough. You mentioned playing tennis but not table tennis.,I don't know.,answer_25df025b_abs_1;answer_25df025b_abs_2,answer_25df025b_abs_1;answer_25df025b_abs_1;answer_25df025b_abs_2;answer_25df025b_abs_1,,2456.9
89941a94,wrong_retrieval,Yes. (You have a road bike too.),"Yes, before you purchased the gravel bike, you had a road bike in addition to your mountain bike and commuter bike.",answer_e1403127_1;answer_e1403127_2,answer_e1403127_2;answer_e1403127_1;answer_e1403127_2;answer_e1403127_1,,2712.1
07741c45,wrong_retrieval,in a shoe rack in my closet,I don't know.,answer_7e9ad7b4_1;answer_7e9ad7b4_2,answer_7e9ad7b4_2;answer_7e9ad7b4_1;answer_7e9ad7b4_2;answer_7e9ad7b4_2,,1785.2
7161e7e2,wrong_retrieval,Admon was assigned to the 8 am - 4 pm (Day Shift) on Sundays.,"On a Sunday, Admon was scheduled for the 8 am - 4 pm shift.",answer_sharegpt_5Lzox6N_0,answer_sharegpt_5Lzox6N_0;answer_sharegpt_5Lzox6N_0;answer_sharegpt_5Lzox6N_0;answer_sharegpt_5Lzox6N_0,,2958.5
c4f10528,wrong_retrieval,Miss Bee Providore,I don't know.,answer_ultrachat_234453,answer_ultrachat_234453;answer_ultrachat_234453;answer_ultrachat_234453;answer_ultrachat_234453,,3197.1
89527b6b,wrong_retrieval,The Plesiosaur had a blue scaly body.,The scaly body of the Plesiosaur in the image was blue.,answer_sharegpt_YkWn1Ne_0,answer_sharegpt_YkWn1Ne_0;answer_sharegpt_YkWn1Ne_0;ultrachat_347819;26f9a255_2,,2182.3
4c36ccef,wrong_retrieval,Roscioli,I don't know.,answer_ultrachat_448704,answer_ultrachat_448704;answer_ultrachat_448704;answer_ultrachat_448704;answer_ultrachat_448704,,1952.1
6ae235be,wrong_retrieval,"Atmospheric distillation, fluid catalytic cracking (FCC), alkylation, and hydrotreating.","The refining processes used at the Lake Charles Refinery include:

1. Atmospheric distillation: This is the first step in the refining process, where crude oil is heated and separated into different fractions based on their boiling points.
2. Fluid catalytic cracking (FCC): This process breaks down heavier fractions of crude oil into lighter, more valuable products such as gasoline and diesel fuel.
3. Alkylation: This process combines smaller molecules to form larger ones, creating high-octane gasoline components.
4. Hydrotreating: This process removes impurities from the gasoline and diesel fractions to improve their quality.",answer_sharegpt_IUWQYGQ_0,answer_sharegpt_IUWQYGQ_0;answer_sharegpt_IUWQYGQ_0;answer_sharegpt_IUWQYGQ_0;answer_sharegpt_IUWQYGQ_0,,4787.0
ceb54acb,wrong_retrieval,"I suggested 'sexual fixations', 'problematic sexual behaviors', 'sexual impulsivity', and 'compulsive sexuality'.","The other four options I suggested were:

1. Sexual fixations
2. Problematic sexual behaviors
3. Sexual impulsivity
4. Compulsive sexuality",answer_sharegpt_cGdjmYo_0,answer_sharegpt_cGdjmYo_0;answer_sharegpt_cGdjmYo_0;sharegpt_yePPued_0;0bbd7094_1,,2793.1
fea54f57,wrong_retrieval,Evolution,I don't know.,answer_ultrachat_187684,answer_ultrachat_187684;answer_ultrachat_187684;answer_ultrachat_187684;ultrachat_129340,,2420.4
cc539528,wrong_retrieval,"I recommended learning Ruby, Python, or PHP as a back-end programming language.",I don't know.,answer_ultrachat_374124,answer_ultrachat_374124;answer_ultrachat_374124;answer_ultrachat_374124;answer_ultrachat_374124,,2315.2
488d3006,wrong_retrieval,The GR-90 trail.,The name of the hiking trail recommended is the GR-90.,answer_ultrachat_275993,answer_ultrachat_275993;answer_ultrachat_275993;answer_ultrachat_275993;answer_ultrachat_275993,,2640.6
1d4da289,wrong_retrieval,I mentioned biometric authentication or one-time passwords (OTP) as examples of two-factor authentication methods.,The two-factor authentication methods mentioned include biometric authentication and one-time passwords (OTP).,answer_ultrachat_348449,answer_ultrachat_348449;answer_ultrachat_348449;answer_ultrachat_348449;answer_ultrachat_348449,,2240.8
e8a79c70,wrong_retrieval,2-3 eggs,I don't know.,answer_ultrachat_13075,sharegpt_ha8kUEr_0;answer_ultrachat_13075;sharegpt_ha8kUEr_0;answer_ultrachat_13075,,1950.1
a40e080f,wrong_retrieval,Patagonia and Southwest Airlines.,I don't know.,answer_ultrachat_269020,answer_ultrachat_269020;answer_ultrachat_269020;answer_ultrachat_269020;answer_ultrachat_269020,,1616.5
41275add,wrong_retrieval,The video is 'How to Sit Properly at a Desk to Avoid Back Pain' and the link is https://www.youtube.com/watch?v=UfOvNlX9Hh0.,"The Mayo Clinic video I recommended is titled ""How to Sit Properly at a Desk to Avoid Back Pain."" You can find it at this link: <https://www.youtube.com/watch?v=UfOvNlX9Hh0>.",answer_sharegpt_81riySf_0,answer_sharegpt_81riySf_0;answer_sharegpt_81riySf_0;33a39aa7_1;9345f7dc_1,,3082.1
561fabcd,wrong_retrieval,Fissionator.,I don't know.,answer_sharegpt_hChsWOp_97,answer_sharegpt_hChsWOp_97;answer_sharegpt_hChsWOp_97;answer_sharegpt_hChsWOp_97;answer_sharegpt_hChsWOp_97,,2587.6
eaca4986,wrong_retrieval,C D E F G A B A G F E D C,The chord progression for the chorus in the second song is: G G G G A G F.,answer_sharegpt_SS141vi_0,answer_sharegpt_SS141vi_0;answer_sharegpt_SS141vi_0;ultrachat_311235;answer_sharegpt_SS141vi_0,,2197.0
65240037,wrong_retrieval,"The recommended ratio is 1:10, meaning one part tea tree oil to ten parts carrier oil.",The recommended ratio to dilute tea tree oil with a carrier oil is 1:10.,answer_ultrachat_403752,answer_ultrachat_403752;answer_ultrachat_403752;answer_ultrachat_403752;answer_ultrachat_403752,,3764.1
